Variable / Field Name,Form Name,Section Header,Field Type,Field Label,"Choices, Calculations, OR Slider Labels",Field Note,Text Validation Type OR Show Slider Number,Text Validation Min,Text Validation Max,Identifier?,Branching Logic (Show field only if...),Required Field?,Custom Alignment,Question Number (surveys only),Matrix Group Name,Matrix Ranking?,Field Annotation
patient_id,microbiology,,text,Patient ID,,Use patient_id or another unique record key,,,,,,,,,,,
source_file,microbiology,,text,Source File,,Original PDF filename,,,,,,,,,,,
biomerieux_customer,microbiology,,text,bioM,,,,,,,,,,,,,
report_title,microbiology,,text,Report Title,,,,,,,,,,,,,
system_number,microbiology,,text,System Number,,,,,,,,,,,,,
printed_by,microbiology,,text,Printed By,,,,,,,,,,,,,
last_updated,microbiology,,text,Last Updated,,Keep as text unless reformatted,,,,,,,,,,,
updated_by,microbiology,,text,Updated By,,,,,,,,,,,,,
report_version,microbiology,,text,Report Version,,,,,,,,,,,,,
patient_name,microbiology,,text,Patient Name,,,,,,,,,,,,,
isolate,microbiology,,text,Isolate,,,,,,,,,,,,,
isolate_status,microbiology,,text,Isolate Status,,"e.g. Approved, To be reviewed",,,,,,,,,,,
bench,microbiology,,text,Bench,,,,,,,,,,,,,
id_card_type,microbiology,,text,ID Card Type,,"e.g. GP, GN, YST",,,,,,,,,,,
id_card_barcode,microbiology,,text,ID Card Barcode,,,,,,,,,,,,,
id_testing_instrument,microbiology,,text,ID Testing Instrument,,,,,,,,,,,,,
ast_card_type,microbiology,,text,AST Card Type,,e.g. AST-GP75,,,,,,,,,,,
ast_card_barcode,microbiology,,text,AST Card Barcode,,,,,,,,,,,,,
ast_testing_instrument,microbiology,,text,AST Testing Instrument,,,,,,,,,,,,,
setup_technologist,microbiology,,text,Setup Technologist,,,,,,,,,,,,,
bionumber,microbiology,,text,Bionumber,,,,,,,,,,,,,
selected_organism,microbiology,,text,Selected Organism,,,,,,,,,,,,,
installed_vitek_version,microbiology,,text,Installed VITEK Version,,,,,,,,,,,,,
mic_interpretation_guideline,microbiology,,text,MIC Interpretation Guideline,,,,,,,,,,,,,
therapeutic_interpretation_guideline,microbiology,,text,Therapeutic Interpretation Guideline,,,,,,,,,,,,,
aes_parameter_set_name,microbiology,,text,AES Parameter Set Name,,,,,,,,,,,,,
aes_parameter_last_modified,microbiology,,text,AES Parameter Last Modified,,,,,,,,,,,,,
mcfarland,microbiology,,text,McFarland,,Keep as text because of range,,,,,,,,,,,
id_card,microbiology,,text,Identification Card,,,,,,,,,,,,,
id_lot_number,microbiology,,text,ID Lot Number,,,,,,,,,,,,,
id_expires,microbiology,,text,ID Expires,,,,,,,,,,,,,
id_status,microbiology,,text,ID Status,,,,,,,,,,,,,
id_analysis_time,microbiology,,text,ID Analysis Time,,,,,,,,,,,,,
id_completed,microbiology,,text,ID Completed,,,,,,,,,,,,,
organism_origin,microbiology,,text,Organism Origin,,,,,,,,,,,,,
identified_organism,microbiology,,text,Identified Organism,,,,,,,,,,,,,
organism_probability_pct,microbiology,,text,Organism Probability (%),,Numeric only,,,,,,,,,,,
id_confidence,microbiology,,text,ID Confidence,,,,,,,,,,,,,
analysis_organisms_tests_to_separate,microbiology,,notes,Analysis Organisms and Tests to Separate,,,,,,,,,,,,,
contraindicating_typical_biopatterns,microbiology,,notes,Contraindicating Typical Biopatterns,,,,,,,,,,,,,
susceptibility_card,microbiology,,text,Susceptibility Card,,,,,,,,,,,,,
susceptibility_lot_number,microbiology,,text,Susceptibility Lot Number,,,,,,,,,,,,,
susceptibility_expires,microbiology,,text,Susceptibility Expires,,,,,,,,,,,,,
susceptibility_status,microbiology,,text,Susceptibility Status,,,,,,,,,,,,,
susceptibility_analysis_time,microbiology,,text,Susceptibility Analysis Time,,,,,,,,,,,,,
susceptibility_completed,microbiology,,text,Susceptibility Completed,,,,,,,,,,,,,
aes_last_modified,microbiology,,text,AES Last Modified,,,,,,,,,,,,,
aes_parameter_set,microbiology,,text,AES Parameter Set,,,,,,,,,,,,,
aes_confidence_level,microbiology,,text,AES Confidence Level,,,,,,,,,,,,,
id_analysis_messages,microbiology,,notes,ID Analysis Messages,,,,,,,,,,,,,
comments,microbiology,,notes,Comments,,,,,,,,,,,,,
lab_id,microbiology,,text,Lab ID,,,,,,,,,,,,,
esbl_mic,microbiology,Antibiotic result fields,text,ESBL MIC 1,,,,,,,,,,,,,
esbl_interpretation_raw,microbiology,,dropdown,ESBL INTERPRETATION RAW 1,"R, Resistant | I, Intermediate | S, Susceptible | POS, Positive | NEG, Negative | empty, Empty",,,,,,,,,,,,
esbl_interpretation,microbiology,,dropdown,ESBL INTERPRETATION 1,"standard, Standard | aes_modified, AES modified | user_modified, User modified | empty, (Empty)",,,,,,,,,,,,
ertapenem_mic,microbiology,,text,ERTAPENEM MIC 1,,,,,,,,,,,,,
ertapenem_interpretation_raw,microbiology,,dropdown,ERTAPENEM INTERPRETATION RAW 1,"R, Resistant | I, Intermediate | S, Susceptible | POS, Positive | NEG, Negative | empty, Empty",,,,,,,,,,,,
ertapenem_interpretation,microbiology,,dropdown,ERTAPENEM INTERPRETATION 1,"standard, Standard | aes_modified, AES modified | user_modified, User modified | empty, (Empty)",,,,,,,,,,,,
ampicillin_mic,microbiology,,text,AMPICILLIN MIC 1,,,,,,,,,,,,,
ampicillin_interpretation_raw,microbiology,,dropdown,AMPICILLIN INTERPRETATION RAW 1,"R, Resistant | I, Intermediate | S, Susceptible | POS, Positive | NEG, Negative | empty, Empty",,,,,,,,,,,,
ampicillin_interpretation,microbiology,,dropdown,AMPICILLIN INTERPRETATION 1,"standard, Standard | aes_modified, AES modified | user_modified, User modified | empty, (Empty)",,,,,,,,,,,,
ampicillin_sulbactam_mic,microbiology,,text,AMPICILLIN SULBACTAM MIC 1,,,,,,,,,,,,,
ampicillin_sulbactam_interpretation_raw,microbiology,,dropdown,AMPICILLIN SULBACTAM INTERPRETATION RAW 1,"R, Resistant | I, Intermediate | S, Susceptible | POS, Positive | NEG, Negative | empty, Empty",,,,,,,,,,,,
ampicillin_sulbactam_interpretation,microbiology,,dropdown,AMPICILLIN SULBACTAM INTERPRETATION 1,"standard, Standard | aes_modified, AES modified | user_modified, User modified | empty, (Empty)",,,,,,,,,,,,
piperacillin_mic,microbiology,,text,PIPERACILLIN MIC 1,,,,,,,,,,,,,
piperacillin_interpretation_raw,microbiology,,dropdown,PIPERACILLIN INTERPRETATION RAW 1,"R, Resistant | I, Intermediate | S, Susceptible | POS, Positive | NEG, Negative | empty, Empty",,,,,,,,,,,,
piperacillin_interpretation,microbiology,,dropdown,PIPERACILLIN INTERPRETATION 1,"standard, Standard | aes_modified, AES modified | user_modified, User modified | empty, (Empty)",,,,,,,,,,,,
cefazolin_mic,microbiology,,text,CEFAZOLIN MIC 1,,,,,,,,,,,,,
cefazolin_interpretation_raw,microbiology,,dropdown,CEFAZOLIN INTERPRETATION RAW 1,"R, Resistant | I, Intermediate | S, Susceptible | POS, Positive | NEG, Negative | empty, Empty",,,,,,,,,,,,
cefazolin_interpretation,microbiology,,dropdown,CEFAZOLIN INTERPRETATION 1,"standard, Standard | aes_modified, AES modified | user_modified, User modified | empty, (Empty)",,,,,,,,,,,,
cefoxitin_mic,microbiology,,text,CEFOXITIN MIC 1,,,,,,,,,,,,,
cefoxitin_interpretation_raw,microbiology,,dropdown,CEFOXITIN INTERPRETATION RAW 1,"R, Resistant | I, Intermediate | S, Susceptible | POS, Positive | NEG, Negative | empty, Empty",,,,,,,,,,,,
cefoxitin_interpretation,microbiology,,dropdown,CEFOXITIN INTERPRETATION 1,"standard, Standard | aes_modified, AES modified | user_modified, User modified | empty, (Empty)",,,,,,,,,,,,
ceftazidime_mic,microbiology,,text,CEFTAZIDIME MIC 1,,,,,,,,,,,,,
ceftazidime_interpretation_raw,microbiology,,dropdown,CEFTAZIDIME INTERPRETATION RAW 1,"R, Resistant | I, Intermediate | S, Susceptible | POS, Positive | NEG, Negative | empty, Empty",,,,,,,,,,,,
ceftazidime_interpretation,microbiology,,dropdown,CEFTAZIDIME INTERPRETATION 1,"standard, Standard | aes_modified, AES modified | user_modified, User modified | empty, (Empty)",,,,,,,,,,,,
ceftriaxone_mic,microbiology,,text,CEFTRIAXONE MIC 1,,,,,,,,,,,,,
ceftriaxone_interpretation_raw,microbiology,,dropdown,CEFTRIAXONE INTERPRETATION RAW 1,"R, Resistant | I, Intermediate | S, Susceptible | POS, Positive | NEG, Negative | empty, Empty",,,,,,,,,,,,
ceftriaxone_interpretation,microbiology,,dropdown,CEFTRIAXONE INTERPRETATION 1,"standard, Standard | aes_modified, AES modified | user_modified, User modified | empty, (Empty)",,,,,,,,,,,,
cefepime_mic,microbiology,,text,CEFEPIME MIC 1,,,,,,,,,,,,,
cefepime_interpretation_raw,microbiology,,dropdown,CEFEPIME INTERPRETATION RAW 1,"R, Resistant | I, Intermediate | S, Susceptible | POS, Positive | NEG, Negative | empty, Empty",,,,,,,,,,,,
cefepime_interpretation,microbiology,,dropdown,CEFEPIME INTERPRETATION 1,"standard, Standard | aes_modified, AES modified | user_modified, User modified | empty, (Empty)",,,,,,,,,,,,
meropenem_mic,microbiology,,text,MEROPENEM MIC 1,,,,,,,,,,,,,
meropenem_interpretation_raw,microbiology,,dropdown,MEROPENEM INTERPRETATION RAW 1,"R, Resistant | I, Intermediate | S, Susceptible | POS, Positive | NEG, Negative | empty, Empty",,,,,,,,,,,,
meropenem_interpretation,microbiology,,dropdown,MEROPENEM INTERPRETATION 1,"standard, Standard | aes_modified, AES modified | user_modified, User modified | empty, (Empty)",,,,,,,,,,,,
amikacin_mic,microbiology,,text,AMIKACIN MIC 1,,,,,,,,,,,,,
amikacin_interpretation_raw,microbiology,,dropdown,AMIKACIN INTERPRETATION RAW 1,"R, Resistant | I, Intermediate | S, Susceptible | POS, Positive | NEG, Negative | empty, Empty",,,,,,,,,,,,
amikacin_interpretation,microbiology,,dropdown,AMIKACIN INTERPRETATION 1,"standard, Standard | aes_modified, AES modified | user_modified, User modified | empty, (Empty)",,,,,,,,,,,,
gentamicin_mic,microbiology,,text,GENTAMICIN MIC 1,,,,,,,,,,,,,
gentamicin_interpretation_raw,microbiology,,dropdown,GENTAMICIN INTERPRETATION RAW 1,"R, Resistant | I, Intermediate | S, Susceptible | POS, Positive | NEG, Negative | empty, Empty",,,,,,,,,,,,
gentamicin_interpretation,microbiology,,dropdown,GENTAMICIN INTERPRETATION 1,"standard, Standard | aes_modified, AES modified | user_modified, User modified | empty, (Empty)",,,,,,,,,,,,
tobramycin_mic,microbiology,,text,TOBRAMYCIN MIC 1,,,,,,,,,,,,,
tobramycin_interpretation_raw,microbiology,,dropdown,TOBRAMYCIN INTERPRETATION RAW 1,"R, Resistant | I, Intermediate | S, Susceptible | POS, Positive | NEG, Negative | empty, Empty",,,,,,,,,,,,
tobramycin_interpretation,microbiology,,dropdown,TOBRAMYCIN INTERPRETATION 1,"standard, Standard | aes_modified, AES modified | user_modified, User modified | empty, (Empty)",,,,,,,,,,,,
ciprofloxacin_mic,microbiology,,text,CIPROFLOXACIN MIC 1,,,,,,,,,,,,,
ciprofloxacin_interpretation_raw,microbiology,,dropdown,CIPROFLOXACIN INTERPRETATION RAW 1,"R, Resistant | I, Intermediate | S, Susceptible | POS, Positive | NEG, Negative | empty, Empty",,,,,,,,,,,,
ciprofloxacin_interpretation,microbiology,,dropdown,CIPROFLOXACIN INTERPRETATION 1,"standard, Standard | aes_modified, AES modified | user_modified, User modified | empty, (Empty)",,,,,,,,,,,,
levofloxacin_mic,microbiology,,text,LEVOFLOXACIN MIC 1,,,,,,,,,,,,,
levofloxacin_interpretation_raw,microbiology,,dropdown,LEVOFLOXACIN INTERPRETATION RAW 1,"R, Resistant | I, Intermediate | S, Susceptible | POS, Positive | NEG, Negative | empty, Empty",,,,,,,,,,,,
levofloxacin_interpretation,microbiology,,dropdown,LEVOFLOXACIN INTERPRETATION 1,"standard, Standard | aes_modified, AES modified | user_modified, User modified | empty, (Empty)",,,,,,,,,,,,
nitrofurantoin_mic,microbiology,,text,NITROFURANTOIN MIC 1,,,,,,,,,,,,,
nitrofurantoin_interpretation_raw,microbiology,,dropdown,NITROFURANTOIN INTERPRETATION RAW 1,"R, Resistant | I, Intermediate | S, Susceptible | POS, Positive | NEG, Negative | empty, Empty",,,,,,,,,,,,
nitrofurantoin_interpretation,microbiology,,dropdown,NITROFURANTOIN INTERPRETATION 1,"standard, Standard | aes_modified, AES modified | user_modified, User modified | empty, (Empty)",,,,,,,,,,,,
trimethoprim_sulfamethoxazole_mic,microbiology,,text,TRIMETHOPRIM SULFAMETHOXAZOLE MIC 1,,,,,,,,,,,,,
trimethoprim_sulfamethoxazole_interpretation_raw,microbiology,,dropdown,TRIMETHOPRIM SULFAMETHOXAZOLE INTERPRETATION RAW 1,"R, Resistant | I, Intermediate | S, Susceptible | POS, Positive | NEG, Negative | empty, Empty",,,,,,,,,,,,
trimethoprim_sulfamethoxazole_interpretation,microbiology,,dropdown,TRIMETHOPRIM SULFAMETHOXAZOLE INTERPRETATION 1,"standard, Standard | aes_modified, AES modified | user_modified, User modified | empty, (Empty)",,,,,,,,,,,,
cefoxitin_screen_mic,microbiology,,text,CEFOXITIN SCREEN MIC 1,,,,,,,,,,,,,
cefoxitin_screen_interpretation_raw,microbiology,,dropdown,CEFOXITIN SCREEN INTERPRETATION RAW 1,"R, Resistant | I, Intermediate | S, Susceptible | POS, Positive | NEG, Negative | empty, Empty",,,,,,,,,,,,
cefoxitin_screen_interpretation,microbiology,,dropdown,CEFOXITIN SCREEN INTERPRETATION 1,"standard, Standard | aes_modified, AES modified | user_modified, User modified | empty, (Empty)",,,,,,,,,,,,
clindamycin_mic,microbiology,,text,CLINDAMYCIN MIC 1,,,,,,,,,,,,,
clindamycin_interpretation_raw,microbiology,,dropdown,CLINDAMYCIN INTERPRETATION RAW 1,"R, Resistant | I, Intermediate | S, Susceptible | POS, Positive | NEG, Negative | empty, Empty",,,,,,,,,,,,
clindamycin_interpretation,microbiology,,dropdown,CLINDAMYCIN INTERPRETATION 1,"standard, Standard | aes_modified, AES modified | user_modified, User modified | empty, (Empty)",,,,,,,,,,,,
linezolid_mic,microbiology,,text,LINEZOLID MIC 1,,,,,,,,,,,,,
linezolid_interpretation_raw,microbiology,,dropdown,LINEZOLID INTERPRETATION RAW 1,"R, Resistant | I, Intermediate | S, Susceptible | POS, Positive | NEG, Negative | empty, Empty",,,,,,,,,,,,
linezolid_interpretation,microbiology,,dropdown,LINEZOLID INTERPRETATION 1,"standard, Standard | aes_modified, AES modified | user_modified, User modified | empty, (Empty)",,,,,,,,,,,,
oxacillin_mic,microbiology,,text,OXACILLIN MIC 1,,,,,,,,,,,,,
oxacillin_interpretation_raw,microbiology,,dropdown,OXACILLIN INTERPRETATION RAW 1,"R, Resistant | I, Intermediate | S, Susceptible | POS, Positive | NEG, Negative | empty, Empty",,,,,,,,,,,,
oxacillin_interpretation,microbiology,,dropdown,OXACILLIN INTERPRETATION 1,"standard, Standard | aes_modified, AES modified | user_modified, User modified | empty, (Empty)",,,,,,,,,,,,
daptomycin_mic,microbiology,,text,DAPTOMYCIN MIC 1,,,,,,,,,,,,,
daptomycin_interpretation_raw,microbiology,,dropdown,DAPTOMYCIN INTERPRETATION RAW 1,"R, Resistant | I, Intermediate | S, Susceptible | POS, Positive | NEG, Negative | empty, Empty",,,,,,,,,,,,
daptomycin_interpretation,microbiology,,dropdown,DAPTOMYCIN INTERPRETATION 1,"standard, Standard | aes_modified, AES modified | user_modified, User modified | empty, (Empty)",,,,,,,,,,,,
gentamicin_high_level_synergy_mic,microbiology,,text,GENTAMICIN HIGH LEVEL SYNERGY MIC 1,,,,,,,,,,,,,
gentamicin_high_level_synergy_interpretation_raw,microbiology,,dropdown,GENTAMICIN HIGH LEVEL SYNERGY INTERPRETATION RAW 1,"R, Resistant | I, Intermediate | S, Susceptible | POS, Positive | NEG, Negative | empty, Empty",,,,,,,,,,,,
gentamicin_high_level_synergy_interpretation,microbiology,,dropdown,GENTAMICIN HIGH LEVEL SYNERGY INTERPRETATION 1,"standard, Standard | aes_modified, AES modified | user_modified, User modified | empty, (Empty)",,,,,,,,,,,,
vancomycin_mic,microbiology,,text,VANCOMYCIN MIC 1,,,,,,,,,,,,,
vancomycin_interpretation_raw,microbiology,,dropdown,VANCOMYCIN INTERPRETATION RAW 1,"R, Resistant | I, Intermediate | S, Susceptible | POS, Positive | NEG, Negative | empty, Empty",,,,,,,,,,,,
vancomycin_interpretation,microbiology,,dropdown,VANCOMYCIN INTERPRETATION 1,"standard, Standard | aes_modified, AES modified | user_modified, User modified | empty, (Empty)",,,,,,,,,,,,
streptomycin_high_level_synergy_mic,microbiology,,text,STREPTOMYCIN HIGH LEVEL SYNERGY MIC 1,,,,,,,,,,,,,
streptomycin_high_level_synergy_interpretation_raw,microbiology,,dropdown,STREPTOMYCIN HIGH LEVEL SYNERGY INTERPRETATION RAW 1,"R, Resistant | I, Intermediate | S, Susceptible | POS, Positive | NEG, Negative | empty, Empty",,,,,,,,,,,,
streptomycin_high_level_synergy_interpretation,microbiology,,dropdown,STREPTOMYCIN HIGH LEVEL SYNERGY INTERPRETATION 1,"standard, Standard | aes_modified, AES modified | user_modified, User modified | empty, (Empty)",,,,,,,,,,,,
doxycycline_mic,microbiology,,text,DOXYCYCLINE MIC 1,,,,,,,,,,,,,
doxycycline_interpretation_raw,microbiology,,dropdown,DOXYCYCLINE INTERPRETATION RAW 1,"R, Resistant | I, Intermediate | S, Susceptible | POS, Positive | NEG, Negative | empty, Empty",,,,,,,,,,,,
doxycycline_interpretation,microbiology,,dropdown,DOXYCYCLINE INTERPRETATION 1,"standard, Standard | aes_modified, AES modified | user_modified, User modified | empty, (Empty)",,,,,,,,,,,,
tetracycline_mic,microbiology,,text,TETRACYCLINE MIC 1,,,,,,,,,,,,,
tetracycline_interpretation_raw,microbiology,,dropdown,TETRACYCLINE INTERPRETATION RAW 1,"R, Resistant | I, Intermediate | S, Susceptible | POS, Positive | NEG, Negative | empty, Empty",,,,,,,,,,,,
tetracycline_interpretation,microbiology,,dropdown,TETRACYCLINE INTERPRETATION 1,"standard, Standard | aes_modified, AES modified | user_modified, User modified | empty, (Empty)",,,,,,,,,,,,
tigecycline_mic,microbiology,,text,TIGECYCLINE MIC 1,,,,,,,,,,,,,
tigecycline_interpretation_raw,microbiology,,dropdown,TIGECYCLINE INTERPRETATION RAW 1,"R, Resistant | I, Intermediate | S, Susceptible | POS, Positive | NEG, Negative | empty, Empty",,,,,,,,,,,,
tigecycline_interpretation,microbiology,,dropdown,TIGECYCLINE INTERPRETATION 1,"standard, Standard | aes_modified, AES modified | user_modified, User modified | empty, (Empty)",,,,,,,,,,,,
moxifloxacin_mic,microbiology,,text,MOXIFLOXACIN MIC 1,,,,,,,,,,,,,
moxifloxacin_interpretation_raw,microbiology,,dropdown,MOXIFLOXACIN INTERPRETATION RAW 1,"R, Resistant | I, Intermediate | S, Susceptible | POS, Positive | NEG, Negative | empty, Empty",,,,,,,,,,,,
moxifloxacin_interpretation,microbiology,,dropdown,MOXIFLOXACIN INTERPRETATION 1,"standard, Standard | aes_modified, AES modified | user_modified, User modified | empty, (Empty)",,,,,,,,,,,,
rifampicin_mic,microbiology,,text,RIFAMPICIN MIC 1,,,,,,,,,,,,,
rifampicin_interpretation_raw,microbiology,,dropdown,RIFAMPICIN INTERPRETATION RAW 1,"R, Resistant | I, Intermediate | S, Susceptible | POS, Positive | NEG, Negative | empty, Empty",,,,,,,,,,,,
rifampicin_interpretation,microbiology,,dropdown,RIFAMPICIN INTERPRETATION 1,"standard, Standard | aes_modified, AES modified | user_modified, User modified | empty, (Empty)",,,,,,,,,,,,
inducible_clindamycin_resistance_mic,microbiology,,text,INDUCIBLE CLINDAMYCIN RESISTANCE MIC 1,,,,,,,,,,,,,
inducible_clindamycin_resistance_interpretation_raw,microbiology,,dropdown,INDUCIBLE CLINDAMYCIN RESISTANCE INTERPRETATION RAW 1,"R, Resistant | I, Intermediate | S, Susceptible | POS, Positive | NEG, Negative | empty, Empty",,,,,,,,,,,,
inducible_clindamycin_resistance_interpretation,microbiology,,dropdown,INDUCIBLE CLINDAMYCIN RESISTANCE INTERPRETATION 1,"standard, Standard | aes_modified, AES modified | user_modified, User modified | empty, (Empty)",,,,,,,,,,,,
erythromycin_mic,microbiology,,text,ERYTHROMYCIN MIC 1,,,,,,,,,,,,,
erythromycin_interpretation_raw,microbiology,,dropdown,ERYTHROMYCIN INTERPRETATION RAW 1,"R, Resistant | I, Intermediate | S, Susceptible | POS, Positive | NEG, Negative | empty, Empty",,,,,,,,,,,,
erythromycin_interpretation,microbiology,,dropdown,ERYTHROMYCIN INTERPRETATION 1,"standard, Standard | aes_modified, AES modified | user_modified, User modified | empty, (Empty)",,,,,,,,,,,,
fluconazole_mic,microbiology,,text,FLUCONAZOLE MIC 1,,,,,,,,,,,,,
fluconazole_interpretation_raw,microbiology,,dropdown,FLUCONAZOLE INTERPRETATION RAW 1,"R, Resistant | I, Intermediate | S, Susceptible | POS, Positive | NEG, Negative | empty, Empty",,,,,,,,,,,,
fluconazole_interpretation,microbiology,,dropdown,FLUCONAZOLE INTERPRETATION 1,"standard, Standard | aes_modified, AES modified | user_modified, User modified | empty, (Empty)",,,,,,,,,,,,
micafungin_mic,microbiology,,text,MICAFUNGIN MIC 1,,,,,,,,,,,,,
micafungin_interpretation_raw,microbiology,,dropdown,MICAFUNGIN INTERPRETATION RAW 1,"R, Resistant | I, Intermediate | S, Susceptible | POS, Positive | NEG, Negative | empty, Empty",,,,,,,,,,,,
micafungin_interpretation,microbiology,,dropdown,MICAFUNGIN INTERPRETATION 1,"standard, Standard | aes_modified, AES modified | user_modified, User modified | empty, (Empty)",,,,,,,,,,,,
voriconazole_mic,microbiology,,text,VORICONAZOLE MIC 1,,,,,,,,,,,,,
voriconazole_interpretation_raw,microbiology,,dropdown,VORICONAZOLE INTERPRETATION RAW 1,"R, Resistant | I, Intermediate | S, Susceptible | POS, Positive | NEG, Negative | empty, Empty",,,,,,,,,,,,
voriconazole_interpretation,microbiology,,dropdown,VORICONAZOLE INTERPRETATION 1,"standard, Standard | aes_modified, AES modified | user_modified, User modified | empty, (Empty)",,,,,,,,,,,,
amphotericin_b_mic,microbiology,,text,AMPHOTERICIN B MIC 1,,,,,,,,,,,,,
amphotericin_b_interpretation_raw,microbiology,,dropdown,AMPHOTERICIN B INTERPRETATION RAW 1,"R, Resistant | I, Intermediate | S, Susceptible | POS, Positive | NEG, Negative | empty, Empty",,,,,,,,,,,,
amphotericin_b_interpretation,microbiology,,dropdown,AMPHOTERICIN B INTERPRETATION 1,"standard, Standard | aes_modified, AES modified | user_modified, User modified | empty, (Empty)",,,,,,,,,,,,
caspofungin_mic,microbiology,,text,CASPOFUNGIN MIC 1,,,,,,,,,,,,,
caspofungin_interpretation_raw,microbiology,,dropdown,CASPOFUNGIN INTERPRETATION RAW 1,"R, Resistant | I, Intermediate | S, Susceptible | POS, Positive | NEG, Negative | empty, Empty",,,,,,,,,,,,
caspofungin_interpretation,microbiology,,dropdown,CASPOFUNGIN INTERPRETATION 1,"standard, Standard | aes_modified, AES modified | user_modified, User modified | empty, (Empty)",,,,,,,,,,,,
flucytosine_mic,microbiology,,text,FLUCYTOSINE MIC 1,,,,,,,,,,,,,
flucytosine_interpretation_raw,microbiology,,dropdown,FLUCYTOSINE INTERPRETATION RAW 1,"R, Resistant | I, Intermediate | S, Susceptible | POS, Positive | NEG, Negative | empty, Empty",,,,,,,,,,,,
flucytosine_interpretation,microbiology,,dropdown,FLUCYTOSINE INTERPRETATION 1,"standard, Standard | aes_modified, AES modified | user_modified, User modified | empty, (Empty)",,,,,,,,,,,,
isolate_2,microbiology,,text,Isolate_2,,,,,,,,,,,,,
bench_2,microbiology,,text,bench_2,,,,,,,,,,,,,
isolate_status_2,microbiology,,text,Isolate Status_2,,"e.g. Approved, To be reviewed",,,,,,,,,,,
selected_organism_2,microbiology,,text,Selected Organism_2,,,,,,,,,,,,,
mcfarland_2,microbiology,,text,McFarland_2,,Keep as text because of range,,,,,,,,,,,
id_card_2,microbiology,,text,Identification Card_2,,,,,,,,,,,,,
organism_origin_2,microbiology,,text,Organism Origin_2,,,,,,,,,,,,,
identified_organism_2,microbiology,,text,Identified Organism_2,,,,,,,,,,,,,
organism_probability_pct_2,microbiology,,text,Organism Probability (%)_2,,Numeric only,,,,,,,,,,,
id_confidence_2,microbiology,,text,ID Confidence_2,,,,,,,,,,,,,
lab_id_2,microbiology,,text,Lab ID 2,,,,,,,,,,,,,
esbl_mic_2,microbiology,,text,ESBL MIC 2,,,,,,,,,,,,,
esbl_interpretation_raw_2,microbiology,,dropdown,ESBL INTERPRETATION RAW 2,"R, Resistant | I, Intermediate | S, Susceptible | POS, Positive | NEG, Negative | empty, Empty",,,,,,,,,,,,
esbl_interpretation_2,microbiology,,dropdown,ESBL INTERPRETATION 2,"standard, Standard | aes_modified, AES modified | user_modified, User modified | empty, (Empty)",,,,,,,,,,,,
ertapenem_mic_2,microbiology,,text,ERTAPENEM MIC 2,,,,,,,,,,,,,
ertapenem_interpretation_raw_2,microbiology,,dropdown,ERTAPENEM INTERPRETATION RAW 2,"R, Resistant | I, Intermediate | S, Susceptible | POS, Positive | NEG, Negative | empty, Empty",,,,,,,,,,,,
ertapenem_interpretation_2,microbiology,,dropdown,ERTAPENEM INTERPRETATION 2,"standard, Standard | aes_modified, AES modified | user_modified, User modified | empty, (Empty)",,,,,,,,,,,,
ampicillin_mic_2,microbiology,,text,AMPICILLIN MIC 2,,,,,,,,,,,,,
ampicillin_interpretation_raw_2,microbiology,,dropdown,AMPICILLIN INTERPRETATION RAW 2,"R, Resistant | I, Intermediate | S, Susceptible | POS, Positive | NEG, Negative | empty, Empty",,,,,,,,,,,,
ampicillin_interpretation_2,microbiology,,dropdown,AMPICILLIN INTERPRETATION 2,"standard, Standard | aes_modified, AES modified | user_modified, User modified | empty, (Empty)",,,,,,,,,,,,
ampicillin_sulbactam_mic_2,microbiology,,text,AMPICILLIN SULBACTAM MIC 2,,,,,,,,,,,,,
ampicillin_sulbactam_interpretation_raw_2,microbiology,,dropdown,AMPICILLIN SULBACTAM INTERPRETATION RAW 2,"R, Resistant | I, Intermediate | S, Susceptible | POS, Positive | NEG, Negative | empty, Empty",,,,,,,,,,,,
ampicillin_sulbactam_interpretation_2,microbiology,,dropdown,AMPICILLIN SULBACTAM INTERPRETATION 2,"standard, Standard | aes_modified, AES modified | user_modified, User modified | empty, (Empty)",,,,,,,,,,,,
piperacillin_mic_2,microbiology,,text,PIPERACILLIN MIC 2,,,,,,,,,,,,,
piperacillin_interpretation_raw_2,microbiology,,dropdown,PIPERACILLIN INTERPRETATION RAW 2,"R, Resistant | I, Intermediate | S, Susceptible | POS, Positive | NEG, Negative | empty, Empty",,,,,,,,,,,,
piperacillin_interpretation_2,microbiology,,dropdown,PIPERACILLIN INTERPRETATION 2,"standard, Standard | aes_modified, AES modified | user_modified, User modified | empty, (Empty)",,,,,,,,,,,,
cefazolin_mic_2,microbiology,,text,CEFAZOLIN MIC 2,,,,,,,,,,,,,
cefazolin_interpretation_raw_2,microbiology,,dropdown,CEFAZOLIN INTERPRETATION RAW 2,"R, Resistant | I, Intermediate | S, Susceptible | POS, Positive | NEG, Negative | empty, Empty",,,,,,,,,,,,
cefazolin_interpretation_2,microbiology,,dropdown,CEFAZOLIN INTERPRETATION 2,"standard, Standard | aes_modified, AES modified | user_modified, User modified | empty, (Empty)",,,,,,,,,,,,
cefoxitin_mic_2,microbiology,,text,CEFOXITIN MIC 2,,,,,,,,,,,,,
cefoxitin_interpretation_raw_2,microbiology,,dropdown,CEFOXITIN INTERPRETATION RAW 2,"R, Resistant | I, Intermediate | S, Susceptible | POS, Positive | NEG, Negative | empty, Empty",,,,,,,,,,,,
cefoxitin_interpretation_2,microbiology,,dropdown,CEFOXITIN INTERPRETATION 2,"standard, Standard | aes_modified, AES modified | user_modified, User modified | empty, (Empty)",,,,,,,,,,,,
ceftazidime_mic_2,microbiology,,text,CEFTAZIDIME MIC 2,,,,,,,,,,,,,
ceftazidime_interpretation_raw_2,microbiology,,dropdown,CEFTAZIDIME INTERPRETATION RAW 2,"R, Resistant | I, Intermediate | S, Susceptible | POS, Positive | NEG, Negative | empty, Empty",,,,,,,,,,,,
ceftazidime_interpretation_2,microbiology,,dropdown,CEFTAZIDIME INTERPRETATION 2,"standard, Standard | aes_modified, AES modified | user_modified, User modified | empty, (Empty)",,,,,,,,,,,,
ceftriaxone_mic_2,microbiology,,text,CEFTRIAXONE MIC 2,,,,,,,,,,,,,
ceftriaxone_interpretation_raw_2,microbiology,,dropdown,CEFTRIAXONE INTERPRETATION RAW 2,"R, Resistant | I, Intermediate | S, Susceptible | POS, Positive | NEG, Negative | empty, Empty",,,,,,,,,,,,
ceftriaxone_interpretation_2,microbiology,,dropdown,CEFTRIAXONE INTERPRETATION 2,"standard, Standard | aes_modified, AES modified | user_modified, User modified | empty, (Empty)",,,,,,,,,,,,
cefepime_mic_2,microbiology,,text,CEFEPIME MIC 2,,,,,,,,,,,,,
cefepime_interpretation_raw_2,microbiology,,dropdown,CEFEPIME INTERPRETATION RAW 2,"R, Resistant | I, Intermediate | S, Susceptible | POS, Positive | NEG, Negative | empty, Empty",,,,,,,,,,,,
cefepime_interpretation_2,microbiology,,dropdown,CEFEPIME INTERPRETATION 2,"standard, Standard | aes_modified, AES modified | user_modified, User modified | empty, (Empty)",,,,,,,,,,,,
meropenem_mic_2,microbiology,,text,MEROPENEM MIC 2,,,,,,,,,,,,,
meropenem_interpretation_raw_2,microbiology,,dropdown,MEROPENEM INTERPRETATION RAW 2,"R, Resistant | I, Intermediate | S, Susceptible | POS, Positive | NEG, Negative | empty, Empty",,,,,,,,,,,,
meropenem_interpretation_2,microbiology,,dropdown,MEROPENEM INTERPRETATION 2,"standard, Standard | aes_modified, AES modified | user_modified, User modified | empty, (Empty)",,,,,,,,,,,,
amikacin_mic_2,microbiology,,text,AMIKACIN MIC 2,,,,,,,,,,,,,
amikacin_interpretation_raw_2,microbiology,,dropdown,AMIKACIN INTERPRETATION RAW 2,"R, Resistant | I, Intermediate | S, Susceptible | POS, Positive | NEG, Negative | empty, Empty",,,,,,,,,,,,
amikacin_interpretation_2,microbiology,,dropdown,AMIKACIN INTERPRETATION 2,"standard, Standard | aes_modified, AES modified | user_modified, User modified | empty, (Empty)",,,,,,,,,,,,
gentamicin_mic_2,microbiology,,text,GENTAMICIN MIC 2,,,,,,,,,,,,,
gentamicin_interpretation_raw_2,microbiology,,dropdown,GENTAMICIN INTERPRETATION RAW 2,"R, Resistant | I, Intermediate | S, Susceptible | POS, Positive | NEG, Negative | empty, Empty",,,,,,,,,,,,
gentamicin_interpretation_2,microbiology,,dropdown,GENTAMICIN INTERPRETATION 2,"standard, Standard | aes_modified, AES modified | user_modified, User modified | empty, (Empty)",,,,,,,,,,,,
tobramycin_mic_2,microbiology,,text,TOBRAMYCIN MIC 2,,,,,,,,,,,,,
tobramycin_interpretation_raw_2,microbiology,,dropdown,TOBRAMYCIN INTERPRETATION RAW 2,"R, Resistant | I, Intermediate | S, Susceptible | POS, Positive | NEG, Negative | empty, Empty",,,,,,,,,,,,
tobramycin_interpretation_2,microbiology,,dropdown,TOBRAMYCIN INTERPRETATION 2,"standard, Standard | aes_modified, AES modified | user_modified, User modified | empty, (Empty)",,,,,,,,,,,,
ciprofloxacin_mic_2,microbiology,,text,CIPROFLOXACIN MIC 2,,,,,,,,,,,,,
ciprofloxacin_interpretation_raw_2,microbiology,,dropdown,CIPROFLOXACIN INTERPRETATION RAW 2,"R, Resistant | I, Intermediate | S, Susceptible | POS, Positive | NEG, Negative | empty, Empty",,,,,,,,,,,,
ciprofloxacin_interpretation_2,microbiology,,dropdown,CIPROFLOXACIN INTERPRETATION 2,"standard, Standard | aes_modified, AES modified | user_modified, User modified | empty, (Empty)",,,,,,,,,,,,
levofloxacin_mic_2,microbiology,,text,LEVOFLOXACIN MIC 2,,,,,,,,,,,,,
levofloxacin_interpretation_raw_2,microbiology,,dropdown,LEVOFLOXACIN INTERPRETATION RAW 2,"R, Resistant | I, Intermediate | S, Susceptible | POS, Positive | NEG, Negative | empty, Empty",,,,,,,,,,,,
levofloxacin_interpretation_2,microbiology,,dropdown,LEVOFLOXACIN INTERPRETATION 2,"standard, Standard | aes_modified, AES modified | user_modified, User modified | empty, (Empty)",,,,,,,,,,,,
nitrofurantoin_mic_2,microbiology,,text,NITROFURANTOIN MIC 2,,,,,,,,,,,,,
nitrofurantoin_interpretation_raw_2,microbiology,,dropdown,NITROFURANTOIN INTERPRETATION RAW 2,"R, Resistant | I, Intermediate | S, Susceptible | POS, Positive | NEG, Negative | empty, Empty",,,,,,,,,,,,
nitrofurantoin_interpretation_2,microbiology,,dropdown,NITROFURANTOIN INTERPRETATION 2,"standard, Standard | aes_modified, AES modified | user_modified, User modified | empty, (Empty)",,,,,,,,,,,,
trimethoprim_sulfamethoxazole_mic_2,microbiology,,text,TRIMETHOPRIM SULFAMETHOXAZOLE MIC 2,,,,,,,,,,,,,
trimethoprim_sulfamethoxazole_interpretation_raw_2,microbiology,,dropdown,TRIMETHOPRIM SULFAMETHOXAZOLE INTERPRETATION RAW 2,"R, Resistant | I, Intermediate | S, Susceptible | POS, Positive | NEG, Negative | empty, Empty",,,,,,,,,,,,
trimethoprim_sulfamethoxazole_interpretation_2,microbiology,,dropdown,TRIMETHOPRIM SULFAMETHOXAZOLE INTERPRETATION 2,"standard, Standard | aes_modified, AES modified | user_modified, User modified | empty, (Empty)",,,,,,,,,,,,
cefoxitin_screen_mic_2,microbiology,,text,CEFOXITIN SCREEN MIC 2,,,,,,,,,,,,,
cefoxitin_screen_interpretation_raw_2,microbiology,,dropdown,CEFOXITIN SCREEN INTERPRETATION RAW 2,"R, Resistant | I, Intermediate | S, Susceptible | POS, Positive | NEG, Negative | empty, Empty",,,,,,,,,,,,
cefoxitin_screen_interpretation_2,microbiology,,dropdown,CEFOXITIN SCREEN INTERPRETATION 2,"standard, Standard | aes_modified, AES modified | user_modified, User modified | empty, (Empty)",,,,,,,,,,,,
clindamycin_mic_2,microbiology,,text,CLINDAMYCIN MIC 2,,,,,,,,,,,,,
clindamycin_interpretation_raw_2,microbiology,,dropdown,CLINDAMYCIN INTERPRETATION RAW 2,"R, Resistant | I, Intermediate | S, Susceptible | POS, Positive | NEG, Negative | empty, Empty",,,,,,,,,,,,
clindamycin_interpretation_2,microbiology,,dropdown,CLINDAMYCIN INTERPRETATION 2,"standard, Standard | aes_modified, AES modified | user_modified, User modified | empty, (Empty)",,,,,,,,,,,,
linezolid_mic_2,microbiology,,text,LINEZOLID MIC 2,,,,,,,,,,,,,
linezolid_interpretation_raw_2,microbiology,,dropdown,LINEZOLID INTERPRETATION RAW 2,"R, Resistant | I, Intermediate | S, Susceptible | POS, Positive | NEG, Negative | empty, Empty",,,,,,,,,,,,
linezolid_interpretation_2,microbiology,,dropdown,LINEZOLID INTERPRETATION 2,"standard, Standard | aes_modified, AES modified | user_modified, User modified | empty, (Empty)",,,,,,,,,,,,
oxacillin_mic_2,microbiology,,text,OXACILLIN MIC 2,,,,,,,,,,,,,
oxacillin_interpretation_raw_2,microbiology,,dropdown,OXACILLIN INTERPRETATION RAW 2,"R, Resistant | I, Intermediate | S, Susceptible | POS, Positive | NEG, Negative | empty, Empty",,,,,,,,,,,,
oxacillin_interpretation_2,microbiology,,dropdown,OXACILLIN INTERPRETATION 2,"standard, Standard | aes_modified, AES modified | user_modified, User modified | empty, (Empty)",,,,,,,,,,,,
daptomycin_mic_2,microbiology,,text,DAPTOMYCIN MIC 2,,,,,,,,,,,,,
daptomycin_interpretation_raw_2,microbiology,,dropdown,DAPTOMYCIN INTERPRETATION RAW 2,"R, Resistant | I, Intermediate | S, Susceptible | POS, Positive | NEG, Negative | empty, Empty",,,,,,,,,,,,
daptomycin_interpretation_2,microbiology,,dropdown,DAPTOMYCIN INTERPRETATION 2,"standard, Standard | aes_modified, AES modified | user_modified, User modified | empty, (Empty)",,,,,,,,,,,,
gentamicin_high_level_synergy_mic_2,microbiology,,text,GENTAMICIN HIGH LEVEL SYNERGY MIC 2,,,,,,,,,,,,,
gentamicin_high_level_synergy_interpretation_raw_2,microbiology,,dropdown,GENTAMICIN HIGH LEVEL SYNERGY INTERPRETATION RAW 2,"R, Resistant | I, Intermediate | S, Susceptible | POS, Positive | NEG, Negative | empty, Empty",,,,,,,,,,,,
gentamicin_high_level_synergy_interpretation_2,microbiology,,dropdown,GENTAMICIN HIGH LEVEL SYNERGY INTERPRETATION 2,"standard, Standard | aes_modified, AES modified | user_modified, User modified | empty, (Empty)",,,,,,,,,,,,
vancomycin_mic_2,microbiology,,text,VANCOMYCIN MIC 2,,,,,,,,,,,,,
vancomycin_interpretation_raw_2,microbiology,,dropdown,VANCOMYCIN INTERPRETATION RAW 2,"R, Resistant | I, Intermediate | S, Susceptible | POS, Positive | NEG, Negative | empty, Empty",,,,,,,,,,,,
vancomycin_interpretation_2,microbiology,,dropdown,VANCOMYCIN INTERPRETATION 2,"standard, Standard | aes_modified, AES modified | user_modified, User modified | empty, (Empty)",,,,,,,,,,,,
streptomycin_high_level_synergy_mic_2,microbiology,,text,STREPTOMYCIN HIGH LEVEL SYNERGY MIC 2,,,,,,,,,,,,,
streptomycin_high_level_synergy_interpretation_raw_2,microbiology,,dropdown,STREPTOMYCIN HIGH LEVEL SYNERGY INTERPRETATION RAW 2,"R, Resistant | I, Intermediate | S, Susceptible | POS, Positive | NEG, Negative | empty, Empty",,,,,,,,,,,,
streptomycin_high_level_synergy_interpretation_2,microbiology,,dropdown,STREPTOMYCIN HIGH LEVEL SYNERGY INTERPRETATION 2,"standard, Standard | aes_modified, AES modified | user_modified, User modified | empty, (Empty)",,,,,,,,,,,,
doxycycline_mic_2,microbiology,,text,DOXYCYCLINE MIC 2,,,,,,,,,,,,,
doxycycline_interpretation_raw_2,microbiology,,dropdown,DOXYCYCLINE INTERPRETATION RAW 2,"R, Resistant | I, Intermediate | S, Susceptible | POS, Positive | NEG, Negative | empty, Empty",,,,,,,,,,,,
doxycycline_interpretation_2,microbiology,,dropdown,DOXYCYCLINE INTERPRETATION 2,"standard, Standard | aes_modified, AES modified | user_modified, User modified | empty, (Empty)",,,,,,,,,,,,
tetracycline_mic_2,microbiology,,text,TETRACYCLINE MIC 2,,,,,,,,,,,,,
tetracycline_interpretation_raw_2,microbiology,,dropdown,TETRACYCLINE INTERPRETATION RAW 2,"R, Resistant | I, Intermediate | S, Susceptible | POS, Positive | NEG, Negative | empty, Empty",,,,,,,,,,,,
tetracycline_interpretation_2,microbiology,,dropdown,TETRACYCLINE INTERPRETATION 2,"standard, Standard | aes_modified, AES modified | user_modified, User modified | empty, (Empty)",,,,,,,,,,,,
tigecycline_mic_2,microbiology,,text,TIGECYCLINE MIC 2,,,,,,,,,,,,,
tigecycline_interpretation_raw_2,microbiology,,dropdown,TIGECYCLINE INTERPRETATION RAW 2,"R, Resistant | I, Intermediate | S, Susceptible | POS, Positive | NEG, Negative | empty, Empty",,,,,,,,,,,,
tigecycline_interpretation_2,microbiology,,dropdown,TIGECYCLINE INTERPRETATION 2,"standard, Standard | aes_modified, AES modified | user_modified, User modified | empty, (Empty)",,,,,,,,,,,,
moxifloxacin_mic_2,microbiology,,text,MOXIFLOXACIN MIC 2,,,,,,,,,,,,,
moxifloxacin_interpretation_raw_2,microbiology,,dropdown,MOXIFLOXACIN INTERPRETATION RAW 2,"R, Resistant | I, Intermediate | S, Susceptible | POS, Positive | NEG, Negative | empty, Empty",,,,,,,,,,,,
moxifloxacin_interpretation_2,microbiology,,dropdown,MOXIFLOXACIN INTERPRETATION 2,"standard, Standard | aes_modified, AES modified | user_modified, User modified | empty, (Empty)",,,,,,,,,,,,
rifampicin_mic_2,microbiology,,text,RIFAMPICIN MIC 2,,,,,,,,,,,,,
rifampicin_interpretation_raw_2,microbiology,,dropdown,RIFAMPICIN INTERPRETATION RAW 2,"R, Resistant | I, Intermediate | S, Susceptible | POS, Positive | NEG, Negative | empty, Empty",,,,,,,,,,,,
rifampicin_interpretation_2,microbiology,,dropdown,RIFAMPICIN INTERPRETATION 2,"standard, Standard | aes_modified, AES modified | user_modified, User modified | empty, (Empty)",,,,,,,,,,,,
inducible_clindamycin_resistance_mic_2,microbiology,,text,INDUCIBLE CLINDAMYCIN RESISTANCE MIC 2,,,,,,,,,,,,,
inducible_clindamycin_resistance_interpretation_raw_2,microbiology,,dropdown,INDUCIBLE CLINDAMYCIN RESISTANCE INTERPRETATION RAW 2,"R, Resistant | I, Intermediate | S, Susceptible | POS, Positive | NEG, Negative | empty, Empty",,,,,,,,,,,,
inducible_clindamycin_resistance_interpretation_2,microbiology,,dropdown,INDUCIBLE CLINDAMYCIN RESISTANCE INTERPRETATION 2,"standard, Standard | aes_modified, AES modified | user_modified, User modified | empty, (Empty)",,,,,,,,,,,,
erythromycin_mic_2,microbiology,,text,ERYTHROMYCIN MIC 2,,,,,,,,,,,,,
erythromycin_interpretation_raw_2,microbiology,,dropdown,ERYTHROMYCIN INTERPRETATION RAW 2,"R, Resistant | I, Intermediate | S, Susceptible | POS, Positive | NEG, Negative | empty, Empty",,,,,,,,,,,,
erythromycin_interpretation_2,microbiology,,dropdown,ERYTHROMYCIN INTERPRETATION 2,"standard, Standard | aes_modified, AES modified | user_modified, User modified | empty, (Empty)",,,,,,,,,,,,
fluconazole_mic_2,microbiology,,text,FLUCONAZOLE MIC 2,,,,,,,,,,,,,
fluconazole_interpretation_raw_2,microbiology,,dropdown,FLUCONAZOLE INTERPRETATION RAW 2,"R, Resistant | I, Intermediate | S, Susceptible | POS, Positive | NEG, Negative | empty, Empty",,,,,,,,,,,,
fluconazole_interpretation_2,microbiology,,dropdown,FLUCONAZOLE INTERPRETATION 2,"standard, Standard | aes_modified, AES modified | user_modified, User modified | empty, (Empty)",,,,,,,,,,,,
micafungin_mic_2,microbiology,,text,MICAFUNGIN MIC 2,,,,,,,,,,,,,
micafungin_interpretation_raw_2,microbiology,,dropdown,MICAFUNGIN INTERPRETATION RAW 2,"R, Resistant | I, Intermediate | S, Susceptible | POS, Positive | NEG, Negative | empty, Empty",,,,,,,,,,,,
micafungin_interpretation_2,microbiology,,dropdown,MICAFUNGIN INTERPRETATION 2,"standard, Standard | aes_modified, AES modified | user_modified, User modified | empty, (Empty)",,,,,,,,,,,,
voriconazole_mic_2,microbiology,,text,VORICONAZOLE MIC 2,,,,,,,,,,,,,
voriconazole_interpretation_raw_2,microbiology,,dropdown,VORICONAZOLE INTERPRETATION RAW 2,"R, Resistant | I, Intermediate | S, Susceptible | POS, Positive | NEG, Negative | empty, Empty",,,,,,,,,,,,
voriconazole_interpretation_2,microbiology,,dropdown,VORICONAZOLE INTERPRETATION 2,"standard, Standard | aes_modified, AES modified | user_modified, User modified | empty, (Empty)",,,,,,,,,,,,
amphotericin_b_mic_2,microbiology,,text,AMPHOTERICIN B MIC 2,,,,,,,,,,,,,
amphotericin_b_interpretation_raw_2,microbiology,,dropdown,AMPHOTERICIN B INTERPRETATION RAW 2,"R, Resistant | I, Intermediate | S, Susceptible | POS, Positive | NEG, Negative | empty, Empty",,,,,,,,,,,,
amphotericin_b_interpretation_2,microbiology,,dropdown,AMPHOTERICIN B INTERPRETATION 2,"standard, Standard | aes_modified, AES modified | user_modified, User modified | empty, (Empty)",,,,,,,,,,,,
caspofungin_mic_2,microbiology,,text,CASPOFUNGIN MIC 2,,,,,,,,,,,,,
caspofungin_interpretation_raw_2,microbiology,,dropdown,CASPOFUNGIN INTERPRETATION RAW 2,"R, Resistant | I, Intermediate | S, Susceptible | POS, Positive | NEG, Negative | empty, Empty",,,,,,,,,,,,
caspofungin_interpretation_2,microbiology,,dropdown,CASPOFUNGIN INTERPRETATION 2,"standard, Standard | aes_modified, AES modified | user_modified, User modified | empty, (Empty)",,,,,,,,,,,,
flucytosine_mic_2,microbiology,,text,FLUCYTOSINE MIC 2,,,,,,,,,,,,,
flucytosine_interpretation_raw_2,microbiology,,dropdown,FLUCYTOSINE INTERPRETATION RAW 2,"R, Resistant | I, Intermediate | S, Susceptible | POS, Positive | NEG, Negative | empty, Empty",,,,,,,,,,,,
flucytosine_interpretation_2,microbiology,,dropdown,FLUCYTOSINE INTERPRETATION 2,"standard, Standard | aes_modified, AES modified | user_modified, User modified | empty, (Empty)",,,,,,,,,,,,
isolate_3,microbiology,,text,Isolate_3,,,,,,,,,,,,,
bench_3,microbiology,,text,bench_3,,,,,,,,,,,,,
isolate_status_3,microbiology,,text,Isolate Status_3,,"e.g. Approved, To be reviewed",,,,,,,,,,,
selected_organism_3,microbiology,,text,Selected Organism_3,,,,,,,,,,,,,
mcfarland_3,microbiology,,text,McFarland_3,,Keep as text because of range,,,,,,,,,,,
id_card_3,microbiology,,text,Identification Card_3,,,,,,,,,,,,,
organism_origin_3,microbiology,,text,Organism Origin_3,,,,,,,,,,,,,
identified_organism_3,microbiology,,text,Identified Organism_3,,,,,,,,,,,,,
organism_probability_pct_3,microbiology,,text,Organism Probability (%)_3,,Numeric only,,,,,,,,,,,
id_confidence_3,microbiology,,text,ID Confidence_3,,,,,,,,,,,,,
lab_id_3,microbiology,,text,Lab ID 3,,,,,,,,,,,,,
esbl_mic_3,microbiology,,text,ESBL MIC 3,,,,,,,,,,,,,
esbl_interpretation_raw_3,microbiology,,dropdown,ESBL INTERPRETATION RAW 3,"R, Resistant | I, Intermediate | S, Susceptible | POS, Positive | NEG, Negative | empty, Empty",,,,,,,,,,,,
esbl_interpretation_3,microbiology,,dropdown,ESBL INTERPRETATION 3,"standard, Standard | aes_modified, AES modified | user_modified, User modified | empty, (Empty)",,,,,,,,,,,,
ertapenem_mic_3,microbiology,,text,ERTAPENEM MIC 3,,,,,,,,,,,,,
ertapenem_interpretation_raw_3,microbiology,,dropdown,ERTAPENEM INTERPRETATION RAW 3,"R, Resistant | I, Intermediate | S, Susceptible | POS, Positive | NEG, Negative | empty, Empty",,,,,,,,,,,,
ertapenem_interpretation_3,microbiology,,dropdown,ERTAPENEM INTERPRETATION 3,"standard, Standard | aes_modified, AES modified | user_modified, User modified | empty, (Empty)",,,,,,,,,,,,
ampicillin_mic_3,microbiology,,text,AMPICILLIN MIC 3,,,,,,,,,,,,,
ampicillin_interpretation_raw_3,microbiology,,dropdown,AMPICILLIN INTERPRETATION RAW 3,"R, Resistant | I, Intermediate | S, Susceptible | POS, Positive | NEG, Negative | empty, Empty",,,,,,,,,,,,
ampicillin_interpretation_3,microbiology,,dropdown,AMPICILLIN INTERPRETATION 3,"standard, Standard | aes_modified, AES modified | user_modified, User modified | empty, (Empty)",,,,,,,,,,,,
ampicillin_sulbactam_mic_3,microbiology,,text,AMPICILLIN SULBACTAM MIC 3,,,,,,,,,,,,,
ampicillin_sulbactam_interpretation_raw_3,microbiology,,dropdown,AMPICILLIN SULBACTAM INTERPRETATION RAW 3,"R, Resistant | I, Intermediate | S, Susceptible | POS, Positive | NEG, Negative | empty, Empty",,,,,,,,,,,,
ampicillin_sulbactam_interpretation_3,microbiology,,dropdown,AMPICILLIN SULBACTAM INTERPRETATION 3,"standard, Standard | aes_modified, AES modified | user_modified, User modified | empty, (Empty)",,,,,,,,,,,,
piperacillin_mic_3,microbiology,,text,PIPERACILLIN MIC 3,,,,,,,,,,,,,
piperacillin_interpretation_raw_3,microbiology,,dropdown,PIPERACILLIN INTERPRETATION RAW 3,"R, Resistant | I, Intermediate | S, Susceptible | POS, Positive | NEG, Negative | empty, Empty",,,,,,,,,,,,
piperacillin_interpretation_3,microbiology,,dropdown,PIPERACILLIN INTERPRETATION 3,"standard, Standard | aes_modified, AES modified | user_modified, User modified | empty, (Empty)",,,,,,,,,,,,
cefazolin_mic_3,microbiology,,text,CEFAZOLIN MIC 3,,,,,,,,,,,,,
cefazolin_interpretation_raw_3,microbiology,,dropdown,CEFAZOLIN INTERPRETATION RAW 3,"R, Resistant | I, Intermediate | S, Susceptible | POS, Positive | NEG, Negative | empty, Empty",,,,,,,,,,,,
cefazolin_interpretation_3,microbiology,,dropdown,CEFAZOLIN INTERPRETATION 3,"standard, Standard | aes_modified, AES modified | user_modified, User modified | empty, (Empty)",,,,,,,,,,,,
cefoxitin_mic_3,microbiology,,text,CEFOXITIN MIC 3,,,,,,,,,,,,,
cefoxitin_interpretation_raw_3,microbiology,,dropdown,CEFOXITIN INTERPRETATION RAW 3,"R, Resistant | I, Intermediate | S, Susceptible | POS, Positive | NEG, Negative | empty, Empty",,,,,,,,,,,,
cefoxitin_interpretation_3,microbiology,,dropdown,CEFOXITIN INTERPRETATION 3,"standard, Standard | aes_modified, AES modified | user_modified, User modified | empty, (Empty)",,,,,,,,,,,,
ceftazidime_mic_3,microbiology,,text,CEFTAZIDIME MIC 3,,,,,,,,,,,,,
ceftazidime_interpretation_raw_3,microbiology,,dropdown,CEFTAZIDIME INTERPRETATION RAW 3,"R, Resistant | I, Intermediate | S, Susceptible | POS, Positive | NEG, Negative | empty, Empty",,,,,,,,,,,,
ceftazidime_interpretation_3,microbiology,,dropdown,CEFTAZIDIME INTERPRETATION 3,"standard, Standard | aes_modified, AES modified | user_modified, User modified | empty, (Empty)",,,,,,,,,,,,
ceftriaxone_mic_3,microbiology,,text,CEFTRIAXONE MIC 3,,,,,,,,,,,,,
ceftriaxone_interpretation_raw_3,microbiology,,dropdown,CEFTRIAXONE INTERPRETATION RAW 3,"R, Resistant | I, Intermediate | S, Susceptible | POS, Positive | NEG, Negative | empty, Empty",,,,,,,,,,,,
ceftriaxone_interpretation_3,microbiology,,dropdown,CEFTRIAXONE INTERPRETATION 3,"standard, Standard | aes_modified, AES modified | user_modified, User modified | empty, (Empty)",,,,,,,,,,,,
cefepime_mic_3,microbiology,,text,CEFEPIME MIC 3,,,,,,,,,,,,,
cefepime_interpretation_raw_3,microbiology,,dropdown,CEFEPIME INTERPRETATION RAW 3,"R, Resistant | I, Intermediate | S, Susceptible | POS, Positive | NEG, Negative | empty, Empty",,,,,,,,,,,,
cefepime_interpretation_3,microbiology,,dropdown,CEFEPIME INTERPRETATION 3,"standard, Standard | aes_modified, AES modified | user_modified, User modified | empty, (Empty)",,,,,,,,,,,,
meropenem_mic_3,microbiology,,text,MEROPENEM MIC 3,,,,,,,,,,,,,
meropenem_interpretation_raw_3,microbiology,,dropdown,MEROPENEM INTERPRETATION RAW 3,"R, Resistant | I, Intermediate | S, Susceptible | POS, Positive | NEG, Negative | empty, Empty",,,,,,,,,,,,
meropenem_interpretation_3,microbiology,,dropdown,MEROPENEM INTERPRETATION 3,"standard, Standard | aes_modified, AES modified | user_modified, User modified | empty, (Empty)",,,,,,,,,,,,
amikacin_mic_3,microbiology,,text,AMIKACIN MIC 3,,,,,,,,,,,,,
amikacin_interpretation_raw_3,microbiology,,dropdown,AMIKACIN INTERPRETATION RAW 3,"R, Resistant | I, Intermediate | S, Susceptible | POS, Positive | NEG, Negative | empty, Empty",,,,,,,,,,,,
amikacin_interpretation_3,microbiology,,dropdown,AMIKACIN INTERPRETATION 3,"standard, Standard | aes_modified, AES modified | user_modified, User modified | empty, (Empty)",,,,,,,,,,,,
gentamicin_mic_3,microbiology,,text,GENTAMICIN MIC 3,,,,,,,,,,,,,
gentamicin_interpretation_raw_3,microbiology,,dropdown,GENTAMICIN INTERPRETATION RAW 3,"R, Resistant | I, Intermediate | S, Susceptible | POS, Positive | NEG, Negative | empty, Empty",,,,,,,,,,,,
gentamicin_interpretation_3,microbiology,,dropdown,GENTAMICIN INTERPRETATION 3,"standard, Standard | aes_modified, AES modified | user_modified, User modified | empty, (Empty)",,,,,,,,,,,,
tobramycin_mic_3,microbiology,,text,TOBRAMYCIN MIC 3,,,,,,,,,,,,,
tobramycin_interpretation_raw_3,microbiology,,dropdown,TOBRAMYCIN INTERPRETATION RAW 3,"R, Resistant | I, Intermediate | S, Susceptible | POS, Positive | NEG, Negative | empty, Empty",,,,,,,,,,,,
tobramycin_interpretation_3,microbiology,,dropdown,TOBRAMYCIN INTERPRETATION 3,"standard, Standard | aes_modified, AES modified | user_modified, User modified | empty, (Empty)",,,,,,,,,,,,
ciprofloxacin_mic_3,microbiology,,text,CIPROFLOXACIN MIC 3,,,,,,,,,,,,,
ciprofloxacin_interpretation_raw_3,microbiology,,dropdown,CIPROFLOXACIN INTERPRETATION RAW 3,"R, Resistant | I, Intermediate | S, Susceptible | POS, Positive | NEG, Negative | empty, Empty",,,,,,,,,,,,
ciprofloxacin_interpretation_3,microbiology,,dropdown,CIPROFLOXACIN INTERPRETATION 3,"standard, Standard | aes_modified, AES modified | user_modified, User modified | empty, (Empty)",,,,,,,,,,,,
levofloxacin_mic_3,microbiology,,text,LEVOFLOXACIN MIC 3,,,,,,,,,,,,,
levofloxacin_interpretation_raw_3,microbiology,,dropdown,LEVOFLOXACIN INTERPRETATION RAW 3,"R, Resistant | I, Intermediate | S, Susceptible | POS, Positive | NEG, Negative | empty, Empty",,,,,,,,,,,,
levofloxacin_interpretation_3,microbiology,,dropdown,LEVOFLOXACIN INTERPRETATION 3,"standard, Standard | aes_modified, AES modified | user_modified, User modified | empty, (Empty)",,,,,,,,,,,,
nitrofurantoin_mic_3,microbiology,,text,NITROFURANTOIN MIC 3,,,,,,,,,,,,,
nitrofurantoin_interpretation_raw_3,microbiology,,dropdown,NITROFURANTOIN INTERPRETATION RAW 3,"R, Resistant | I, Intermediate | S, Susceptible | POS, Positive | NEG, Negative | empty, Empty",,,,,,,,,,,,
nitrofurantoin_interpretation_3,microbiology,,dropdown,NITROFURANTOIN INTERPRETATION 3,"standard, Standard | aes_modified, AES modified | user_modified, User modified | empty, (Empty)",,,,,,,,,,,,
trimethoprim_sulfamethoxazole_mic_3,microbiology,,text,TRIMETHOPRIM SULFAMETHOXAZOLE MIC 3,,,,,,,,,,,,,
trimethoprim_sulfamethoxazole_interpretation_raw_3,microbiology,,dropdown,TRIMETHOPRIM SULFAMETHOXAZOLE INTERPRETATION RAW 3,"R, Resistant | I, Intermediate | S, Susceptible | POS, Positive | NEG, Negative | empty, Empty",,,,,,,,,,,,
trimethoprim_sulfamethoxazole_interpretation_3,microbiology,,dropdown,TRIMETHOPRIM SULFAMETHOXAZOLE INTERPRETATION 3,"standard, Standard | aes_modified, AES modified | user_modified, User modified | empty, (Empty)",,,,,,,,,,,,
cefoxitin_screen_mic_3,microbiology,,text,CEFOXITIN SCREEN MIC 3,,,,,,,,,,,,,
cefoxitin_screen_interpretation_raw_3,microbiology,,dropdown,CEFOXITIN SCREEN INTERPRETATION RAW 3,"R, Resistant | I, Intermediate | S, Susceptible | POS, Positive | NEG, Negative | empty, Empty",,,,,,,,,,,,
cefoxitin_screen_interpretation_3,microbiology,,dropdown,CEFOXITIN SCREEN INTERPRETATION 3,"standard, Standard | aes_modified, AES modified | user_modified, User modified | empty, (Empty)",,,,,,,,,,,,
clindamycin_mic_3,microbiology,,text,CLINDAMYCIN MIC 3,,,,,,,,,,,,,
clindamycin_interpretation_raw_3,microbiology,,dropdown,CLINDAMYCIN INTERPRETATION RAW 3,"R, Resistant | I, Intermediate | S, Susceptible | POS, Positive | NEG, Negative | empty, Empty",,,,,,,,,,,,
clindamycin_interpretation_3,microbiology,,dropdown,CLINDAMYCIN INTERPRETATION 3,"standard, Standard | aes_modified, AES modified | user_modified, User modified | empty, (Empty)",,,,,,,,,,,,
linezolid_mic_3,microbiology,,text,LINEZOLID MIC 3,,,,,,,,,,,,,
linezolid_interpretation_raw_3,microbiology,,dropdown,LINEZOLID INTERPRETATION RAW 3,"R, Resistant | I, Intermediate | S, Susceptible | POS, Positive | NEG, Negative | empty, Empty",,,,,,,,,,,,
linezolid_interpretation_3,microbiology,,dropdown,LINEZOLID INTERPRETATION 3,"standard, Standard | aes_modified, AES modified | user_modified, User modified | empty, (Empty)",,,,,,,,,,,,
oxacillin_mic_3,microbiology,,text,OXACILLIN MIC 3,,,,,,,,,,,,,
oxacillin_interpretation_raw_3,microbiology,,dropdown,OXACILLIN INTERPRETATION RAW 3,"R, Resistant | I, Intermediate | S, Susceptible | POS, Positive | NEG, Negative | empty, Empty",,,,,,,,,,,,
oxacillin_interpretation_3,microbiology,,dropdown,OXACILLIN INTERPRETATION 3,"standard, Standard | aes_modified, AES modified | user_modified, User modified | empty, (Empty)",,,,,,,,,,,,
daptomycin_mic_3,microbiology,,text,DAPTOMYCIN MIC 3,,,,,,,,,,,,,
daptomycin_interpretation_raw_3,microbiology,,dropdown,DAPTOMYCIN INTERPRETATION RAW 3,"R, Resistant | I, Intermediate | S, Susceptible | POS, Positive | NEG, Negative | empty, Empty",,,,,,,,,,,,
daptomycin_interpretation_3,microbiology,,dropdown,DAPTOMYCIN INTERPRETATION 3,"standard, Standard | aes_modified, AES modified | user_modified, User modified | empty, (Empty)",,,,,,,,,,,,
gentamicin_high_level_synergy_mic_3,microbiology,,text,GENTAMICIN HIGH LEVEL SYNERGY MIC 3,,,,,,,,,,,,,
gentamicin_high_level_synergy_interpretation_raw_3,microbiology,,dropdown,GENTAMICIN HIGH LEVEL SYNERGY INTERPRETATION RAW 3,"R, Resistant | I, Intermediate | S, Susceptible | POS, Positive | NEG, Negative | empty, Empty",,,,,,,,,,,,
gentamicin_high_level_synergy_interpretation_3,microbiology,,dropdown,GENTAMICIN HIGH LEVEL SYNERGY INTERPRETATION 3,"standard, Standard | aes_modified, AES modified | user_modified, User modified | empty, (Empty)",,,,,,,,,,,,
vancomycin_mic_3,microbiology,,text,VANCOMYCIN MIC 3,,,,,,,,,,,,,
vancomycin_interpretation_raw_3,microbiology,,dropdown,VANCOMYCIN INTERPRETATION RAW 3,"R, Resistant | I, Intermediate | S, Susceptible | POS, Positive | NEG, Negative | empty, Empty",,,,,,,,,,,,
vancomycin_interpretation_3,microbiology,,dropdown,VANCOMYCIN INTERPRETATION 3,"standard, Standard | aes_modified, AES modified | user_modified, User modified | empty, (Empty)",,,,,,,,,,,,
streptomycin_high_level_synergy_mic_3,microbiology,,text,STREPTOMYCIN HIGH LEVEL SYNERGY MIC 3,,,,,,,,,,,,,
streptomycin_high_level_synergy_interpretation_raw_3,microbiology,,dropdown,STREPTOMYCIN HIGH LEVEL SYNERGY INTERPRETATION RAW 3,"R, Resistant | I, Intermediate | S, Susceptible | POS, Positive | NEG, Negative | empty, Empty",,,,,,,,,,,,
streptomycin_high_level_synergy_interpretation_3,microbiology,,dropdown,STREPTOMYCIN HIGH LEVEL SYNERGY INTERPRETATION 3,"standard, Standard | aes_modified, AES modified | user_modified, User modified | empty, (Empty)",,,,,,,,,,,,
doxycycline_mic_3,microbiology,,text,DOXYCYCLINE MIC 3,,,,,,,,,,,,,
doxycycline_interpretation_raw_3,microbiology,,dropdown,DOXYCYCLINE INTERPRETATION RAW 3,"R, Resistant | I, Intermediate | S, Susceptible | POS, Positive | NEG, Negative | empty, Empty",,,,,,,,,,,,
doxycycline_interpretation_3,microbiology,,dropdown,DOXYCYCLINE INTERPRETATION 3,"standard, Standard | aes_modified, AES modified | user_modified, User modified | empty, (Empty)",,,,,,,,,,,,
tetracycline_mic_3,microbiology,,text,TETRACYCLINE MIC 3,,,,,,,,,,,,,
tetracycline_interpretation_raw_3,microbiology,,dropdown,TETRACYCLINE INTERPRETATION RAW 3,"R, Resistant | I, Intermediate | S, Susceptible | POS, Positive | NEG, Negative | empty, Empty",,,,,,,,,,,,
tetracycline_interpretation_3,microbiology,,dropdown,TETRACYCLINE INTERPRETATION 3,"standard, Standard | aes_modified, AES modified | user_modified, User modified | empty, (Empty)",,,,,,,,,,,,
tigecycline_mic_3,microbiology,,text,TIGECYCLINE MIC 3,,,,,,,,,,,,,
tigecycline_interpretation_raw_3,microbiology,,dropdown,TIGECYCLINE INTERPRETATION RAW 3,"R, Resistant | I, Intermediate | S, Susceptible | POS, Positive | NEG, Negative | empty, Empty",,,,,,,,,,,,
tigecycline_interpretation_3,microbiology,,dropdown,TIGECYCLINE INTERPRETATION 3,"standard, Standard | aes_modified, AES modified | user_modified, User modified | empty, (Empty)",,,,,,,,,,,,
moxifloxacin_mic_3,microbiology,,text,MOXIFLOXACIN MIC 3,,,,,,,,,,,,,
moxifloxacin_interpretation_raw_3,microbiology,,dropdown,MOXIFLOXACIN INTERPRETATION RAW 3,"R, Resistant | I, Intermediate | S, Susceptible | POS, Positive | NEG, Negative | empty, Empty",,,,,,,,,,,,
moxifloxacin_interpretation_3,microbiology,,dropdown,MOXIFLOXACIN INTERPRETATION 3,"standard, Standard | aes_modified, AES modified | user_modified, User modified | empty, (Empty)",,,,,,,,,,,,
rifampicin_mic_3,microbiology,,text,RIFAMPICIN MIC 3,,,,,,,,,,,,,
rifampicin_interpretation_raw_3,microbiology,,dropdown,RIFAMPICIN INTERPRETATION RAW 3,"R, Resistant | I, Intermediate | S, Susceptible | POS, Positive | NEG, Negative | empty, Empty",,,,,,,,,,,,
rifampicin_interpretation_3,microbiology,,dropdown,RIFAMPICIN INTERPRETATION 3,"standard, Standard | aes_modified, AES modified | user_modified, User modified | empty, (Empty)",,,,,,,,,,,,
inducible_clindamycin_resistance_mic_3,microbiology,,text,INDUCIBLE CLINDAMYCIN RESISTANCE MIC 3,,,,,,,,,,,,,
inducible_clindamycin_resistance_interpretation_raw_3,microbiology,,dropdown,INDUCIBLE CLINDAMYCIN RESISTANCE INTERPRETATION RAW 3,"R, Resistant | I, Intermediate | S, Susceptible | POS, Positive | NEG, Negative | empty, Empty",,,,,,,,,,,,
inducible_clindamycin_resistance_interpretation_3,microbiology,,dropdown,INDUCIBLE CLINDAMYCIN RESISTANCE INTERPRETATION 3,"standard, Standard | aes_modified, AES modified | user_modified, User modified | empty, (Empty)",,,,,,,,,,,,
erythromycin_mic_3,microbiology,,text,ERYTHROMYCIN MIC 3,,,,,,,,,,,,,
erythromycin_interpretation_raw_3,microbiology,,dropdown,ERYTHROMYCIN INTERPRETATION RAW 3,"R, Resistant | I, Intermediate | S, Susceptible | POS, Positive | NEG, Negative | empty, Empty",,,,,,,,,,,,
erythromycin_interpretation_3,microbiology,,dropdown,ERYTHROMYCIN INTERPRETATION 3,"standard, Standard | aes_modified, AES modified | user_modified, User modified | empty, (Empty)",,,,,,,,,,,,
fluconazole_mic_3,microbiology,,text,FLUCONAZOLE MIC 3,,,,,,,,,,,,,
fluconazole_interpretation_raw_3,microbiology,,dropdown,FLUCONAZOLE INTERPRETATION RAW 3,"R, Resistant | I, Intermediate | S, Susceptible | POS, Positive | NEG, Negative | empty, Empty",,,,,,,,,,,,
fluconazole_interpretation_3,microbiology,,dropdown,FLUCONAZOLE INTERPRETATION 3,"standard, Standard | aes_modified, AES modified | user_modified, User modified | empty, (Empty)",,,,,,,,,,,,
micafungin_mic_3,microbiology,,text,MICAFUNGIN MIC 3,,,,,,,,,,,,,
micafungin_interpretation_raw_3,microbiology,,dropdown,MICAFUNGIN INTERPRETATION RAW 3,"R, Resistant | I, Intermediate | S, Susceptible | POS, Positive | NEG, Negative | empty, Empty",,,,,,,,,,,,
micafungin_interpretation_3,microbiology,,dropdown,MICAFUNGIN INTERPRETATION 3,"standard, Standard | aes_modified, AES modified | user_modified, User modified | empty, (Empty)",,,,,,,,,,,,
voriconazole_mic_3,microbiology,,text,VORICONAZOLE MIC 3,,,,,,,,,,,,,
voriconazole_interpretation_raw_3,microbiology,,dropdown,VORICONAZOLE INTERPRETATION RAW 3,"R, Resistant | I, Intermediate | S, Susceptible | POS, Positive | NEG, Negative | empty, Empty",,,,,,,,,,,,
voriconazole_interpretation_3,microbiology,,dropdown,VORICONAZOLE INTERPRETATION 3,"standard, Standard | aes_modified, AES modified | user_modified, User modified | empty, (Empty)",,,,,,,,,,,,
amphotericin_b_mic_3,microbiology,,text,AMPHOTERICIN B MIC 3,,,,,,,,,,,,,
amphotericin_b_interpretation_raw_3,microbiology,,dropdown,AMPHOTERICIN B INTERPRETATION RAW 3,"R, Resistant | I, Intermediate | S, Susceptible | POS, Positive | NEG, Negative | empty, Empty",,,,,,,,,,,,
amphotericin_b_interpretation_3,microbiology,,dropdown,AMPHOTERICIN B INTERPRETATION 3,"standard, Standard | aes_modified, AES modified | user_modified, User modified | empty, (Empty)",,,,,,,,,,,,
caspofungin_mic_3,microbiology,,text,CASPOFUNGIN MIC 3,,,,,,,,,,,,,
caspofungin_interpretation_raw_3,microbiology,,dropdown,CASPOFUNGIN INTERPRETATION RAW 3,"R, Resistant | I, Intermediate | S, Susceptible | POS, Positive | NEG, Negative | empty, Empty",,,,,,,,,,,,
caspofungin_interpretation_3,microbiology,,dropdown,CASPOFUNGIN INTERPRETATION 3,"standard, Standard | aes_modified, AES modified | user_modified, User modified | empty, (Empty)",,,,,,,,,,,,
flucytosine_mic_3,microbiology,,text,FLUCYTOSINE MIC 3,,,,,,,,,,,,,
flucytosine_interpretation_raw_3,microbiology,,dropdown,FLUCYTOSINE INTERPRETATION RAW 3,"R, Resistant | I, Intermediate | S, Susceptible | POS, Positive | NEG, Negative | empty, Empty",,,,,,,,,,,,
flucytosine_interpretation_3,microbiology,,dropdown,FLUCYTOSINE INTERPRETATION 3,"standard, Standard | aes_modified, AES modified | user_modified, User modified | empty, (Empty)",,,,,,,,,,,,
parser_version,microbiology,,text,Parser Version,,,,,,,,,,,,,
processed_at,microbiology,,text,Processed At,,,,,,,,,,,,,
validation_status,microbiology,,text,Validation Status,,,,,,,,,,,,,
