parser_version,uploader_version,source_name,target_redcap_name,update_mode,key_field,notes
v1.0.0,v1.1.0,source_file,source_file,update,FALSE,
v1.0.0,v1.1.0,biomerieux_customer,biomerieux_customer,update,FALSE,
v1.0.0,v1.1.0,report_title,report_title,update,FALSE,
v1.0.0,v1.1.0,system_number,system_number,update,FALSE,
v1.0.0,v1.1.0,printed_by,printed_by,update,FALSE,
v1.0.0,v1.1.0,last_updated,last_updated,update,FALSE,
v1.0.0,v1.1.0,updated_by,updated_by,update,FALSE,
v1.0.0,v1.1.0,report_version,report_version,update,FALSE,
v1.0.0,v1.1.0,patient_name,patient_name,update,FALSE,
v1.0.0,v1.1.0,patient_id,patient_id,key,TRUE,Primary lookup field for existing REDCap record
v1.0.0,v1.1.0,isolate,isolate,update,FALSE,
v1.0.0,v1.1.0,isolate_status,isolate_status,update,FALSE,
v1.0.0,v1.1.0,bench,bench,update,FALSE,
v1.0.0,v1.1.0,id_card_type,id_card_type,update,FALSE,
v1.0.0,v1.1.0,id_card_barcode,id_card_barcode,update,FALSE,
v1.0.0,v1.1.0,id_testing_instrument,id_testing_instrument,update,FALSE,
v1.0.0,v1.1.0,ast_card_type,ast_card_type,update,FALSE,
v1.0.0,v1.1.0,ast_card_barcode,ast_card_barcode,update,FALSE,
v1.0.0,v1.1.0,ast_testing_instrument,ast_testing_instrument,update,FALSE,
v1.0.0,v1.1.0,setup_technologist,setup_technologist,update,FALSE,
v1.0.0,v1.1.0,bionumber,bionumber,update,FALSE,
v1.0.0,v1.1.0,selected_organism,selected_organism,update,FALSE,
v1.0.0,v1.1.0,installed_vitek_version,installed_vitek_version,update,FALSE,
v1.0.0,v1.1.0,mic_interpretation_guideline,mic_interpretation_guideline,update,FALSE,
v1.0.0,v1.1.0,therapeutic_interpretation_guideline,therapeutic_interpretation_guideline,update,FALSE,
v1.0.0,v1.1.0,aes_parameter_set_name,aes_parameter_set_name,update,FALSE,
v1.0.0,v1.1.0,aes_parameter_last_modified,aes_parameter_last_modified,update,FALSE,
v1.0.0,v1.1.0,mcfarland,mcfarland,update,FALSE,
v1.0.0,v1.1.0,id_card,id_card,update,FALSE,
v1.0.0,v1.1.0,id_lot_number,id_lot_number,update,FALSE,
v1.0.0,v1.1.0,id_expires,id_expires,update,FALSE,
v1.0.0,v1.1.0,id_status,id_status,update,FALSE,
v1.0.0,v1.1.0,id_analysis_time,id_analysis_time,update,FALSE,
v1.0.0,v1.1.0,id_completed,id_completed,update,FALSE,
v1.0.0,v1.1.0,organism_origin,organism_origin,update,FALSE,
v1.0.0,v1.1.0,identified_organism,identified_organism,update,FALSE,
v1.0.0,v1.1.0,organism_probability_pct,organism_probability_pct,update,FALSE,
v1.0.0,v1.1.0,id_confidence,id_confidence,update,FALSE,
v1.0.0,v1.1.0,analysis_organisms_tests_to_separate,analysis_organisms_tests_to_separate,update,FALSE,
v1.0.0,v1.1.0,contraindicating_typical_biopatterns,contraindicating_typical_biopatterns,update,FALSE,
v1.0.0,v1.1.0,susceptibility_card,susceptibility_card,update,FALSE,
v1.0.0,v1.1.0,susceptibility_lot_number,susceptibility_lot_number,update,FALSE,
v1.0.0,v1.1.0,susceptibility_expires,susceptibility_expires,update,FALSE,
v1.0.0,v1.1.0,susceptibility_status,susceptibility_status,update,FALSE,
v1.0.0,v1.1.0,susceptibility_analysis_time,susceptibility_analysis_time,update,FALSE,
v1.0.0,v1.1.0,susceptibility_completed,susceptibility_completed,update,FALSE,
v1.0.0,v1.1.0,aes_last_modified,aes_last_modified,update,FALSE,
v1.0.0,v1.1.0,aes_parameter_set,aes_parameter_set,update,FALSE,
v1.0.0,v1.1.0,aes_confidence_level,aes_confidence_level,update,FALSE,
v1.0.0,v1.1.0,cefoxitin_screen_mic,cefoxitin_screen_mic,update,FALSE,
v1.0.0,v1.1.0,cefoxitin_screen_interpretation_raw,cefoxitin_screen_interpretation_raw,update,FALSE,
v1.0.0,v1.1.0,cefoxitin_screen_interpretation,cefoxitin_screen_interpretation,update,FALSE,
v1.0.0,v1.1.0,clindamycin_mic,clindamycin_mic,update,FALSE,
v1.0.0,v1.1.0,clindamycin_interpretation_raw,clindamycin_interpretation_raw,update,FALSE,
v1.0.0,v1.1.0,clindamycin_interpretation,clindamycin_interpretation,update,FALSE,
v1.0.0,v1.1.0,ampicillin_mic,ampicillin_mic,update,FALSE,
v1.0.0,v1.1.0,ampicillin_interpretation_raw,ampicillin_interpretation_raw,update,FALSE,
v1.0.0,v1.1.0,ampicillin_interpretation,ampicillin_interpretation,update,FALSE,
v1.0.0,v1.1.0,linezolid_mic,linezolid_mic,update,FALSE,
v1.0.0,v1.1.0,linezolid_interpretation_raw,linezolid_interpretation_raw,update,FALSE,
v1.0.0,v1.1.0,linezolid_interpretation,linezolid_interpretation,update,FALSE,
v1.0.0,v1.1.0,oxacillin_mic,oxacillin_mic,update,FALSE,
v1.0.0,v1.1.0,oxacillin_interpretation_raw,oxacillin_interpretation_raw,update,FALSE,
v1.0.0,v1.1.0,oxacillin_interpretation,oxacillin_interpretation,update,FALSE,
v1.0.0,v1.1.0,daptomycin_mic,daptomycin_mic,update,FALSE,
v1.0.0,v1.1.0,daptomycin_interpretation_raw,daptomycin_interpretation_raw,update,FALSE,
v1.0.0,v1.1.0,daptomycin_interpretation,daptomycin_interpretation,update,FALSE,
v1.0.0,v1.1.0,gentamicin_high_level_synergy_mic,gentamicin_high_level_synergy_mic,update,FALSE,
v1.0.0,v1.1.0,gentamicin_high_level_synergy_interpretation_raw,gentamicin_high_level_synergy_interpretation_raw,update,FALSE,
v1.0.0,v1.1.0,gentamicin_high_level_synergy_interpretation,gentamicin_high_level_synergy_interpretation,update,FALSE,
v1.0.0,v1.1.0,vancomycin_mic,vancomycin_mic,update,FALSE,
v1.0.0,v1.1.0,vancomycin_interpretation_raw,vancomycin_interpretation_raw,update,FALSE,
v1.0.0,v1.1.0,vancomycin_interpretation,vancomycin_interpretation,update,FALSE,
v1.0.0,v1.1.0,streptomycin_high_level_synergy_mic,streptomycin_high_level_synergy_mic,update,FALSE,
v1.0.0,v1.1.0,streptomycin_high_level_synergy_interpretation_raw,streptomycin_high_level_synergy_interpretation_raw,update,FALSE,
v1.0.0,v1.1.0,streptomycin_high_level_synergy_interpretation,streptomycin_high_level_synergy_interpretation,update,FALSE,
v1.0.0,v1.1.0,doxycycline_mic,doxycycline_mic,update,FALSE,
v1.0.0,v1.1.0,doxycycline_interpretation_raw,doxycycline_interpretation_raw,update,FALSE,
v1.0.0,v1.1.0,doxycycline_interpretation,doxycycline_interpretation,update,FALSE,
v1.0.0,v1.1.0,gentamicin_mic,gentamicin_mic,update,FALSE,
v1.0.0,v1.1.0,gentamicin_interpretation_raw,gentamicin_interpretation_raw,update,FALSE,
v1.0.0,v1.1.0,gentamicin_interpretation,gentamicin_interpretation,update,FALSE,
v1.0.0,v1.1.0,tetracycline_mic,tetracycline_mic,update,FALSE,
v1.0.0,v1.1.0,tetracycline_interpretation_raw,tetracycline_interpretation_raw,update,FALSE,
v1.0.0,v1.1.0,tetracycline_interpretation,tetracycline_interpretation,update,FALSE,
v1.0.0,v1.1.0,ciprofloxacin_mic,ciprofloxacin_mic,update,FALSE,
v1.0.0,v1.1.0,ciprofloxacin_interpretation_raw,ciprofloxacin_interpretation_raw,update,FALSE,
v1.0.0,v1.1.0,ciprofloxacin_interpretation,ciprofloxacin_interpretation,update,FALSE,
v1.0.0,v1.1.0,tigecycline_mic,tigecycline_mic,update,FALSE,
v1.0.0,v1.1.0,tigecycline_interpretation_raw,tigecycline_interpretation_raw,update,FALSE,
v1.0.0,v1.1.0,tigecycline_interpretation,tigecycline_interpretation,update,FALSE,
v1.0.0,v1.1.0,levofloxacin_mic,levofloxacin_mic,update,FALSE,
v1.0.0,v1.1.0,levofloxacin_interpretation_raw,levofloxacin_interpretation_raw,update,FALSE,
v1.0.0,v1.1.0,levofloxacin_interpretation,levofloxacin_interpretation,update,FALSE,
v1.0.0,v1.1.0,nitrofurantoin_mic,nitrofurantoin_mic,update,FALSE,
v1.0.0,v1.1.0,nitrofurantoin_interpretation_raw,nitrofurantoin_interpretation_raw,update,FALSE,
v1.0.0,v1.1.0,nitrofurantoin_interpretation,nitrofurantoin_interpretation,update,FALSE,
v1.0.0,v1.1.0,moxifloxacin_mic,moxifloxacin_mic,update,FALSE,
v1.0.0,v1.1.0,moxifloxacin_interpretation_raw,moxifloxacin_interpretation_raw,update,FALSE,
v1.0.0,v1.1.0,moxifloxacin_interpretation,moxifloxacin_interpretation,update,FALSE,
v1.0.0,v1.1.0,rifampicin_mic,rifampicin_mic,update,FALSE,
v1.0.0,v1.1.0,rifampicin_interpretation_raw,rifampicin_interpretation_raw,update,FALSE,
v1.0.0,v1.1.0,rifampicin_interpretation,rifampicin_interpretation,update,FALSE,
v1.0.0,v1.1.0,inducible_clindamycin_resistance_mic,inducible_clindamycin_resistance_mic,update,FALSE,
v1.0.0,v1.1.0,inducible_clindamycin_resistance_interpretation_raw,inducible_clindamycin_resistance_interpretation_raw,update,FALSE,
v1.0.0,v1.1.0,inducible_clindamycin_resistance_interpretation,inducible_clindamycin_resistance_interpretation,update,FALSE,
v1.0.0,v1.1.0,trimethoprim_sulfamethoxazole_mic,trimethoprim_sulfamethoxazole_mic,update,FALSE,
v1.0.0,v1.1.0,trimethoprim_sulfamethoxazole_interpretation_raw,trimethoprim_sulfamethoxazole_interpretation_raw,update,FALSE,
v1.0.0,v1.1.0,trimethoprim_sulfamethoxazole_interpretation,trimethoprim_sulfamethoxazole_interpretation,update,FALSE,
v1.0.0,v1.1.0,erythromycin_mic,erythromycin_mic,update,FALSE,
v1.0.0,v1.1.0,erythromycin_interpretation_raw,erythromycin_interpretation_raw,update,FALSE,
v1.0.0,v1.1.0,erythromycin_interpretation,erythromycin_interpretation,update,FALSE,
v1.0.0,v1.1.0,id_analysis_messages,id_analysis_messages,update,FALSE,
v1.0.0,v1.1.0,comments,comments,update,FALSE,
v1.0.0,v1.1.0,isolate_2,isolate_2,update,FALSE,
v1.0.0,v1.1.0,isolate_status_2,isolate_status_2,update,FALSE,
v1.0.0,v1.1.0,selected_organism_2,selected_organism_2,update,FALSE,
v1.0.0,v1.1.0,mcfarland_2,mcfarland_2,update,FALSE,
v1.0.0,v1.1.0,id_card_2,id_card_2,update,FALSE,
v1.0.0,v1.1.0,organism_origin_2,organism_origin_2,update,FALSE,
v1.0.0,v1.1.0,identified_organism_2,identified_organism_2,update,FALSE,
v1.0.0,v1.1.0,organism_probability_pct_2,organism_probability_pct_2,update,FALSE,
v1.0.0,v1.1.0,id_confidence_2,id_confidence_2,update,FALSE,
v1.0.0,v1.1.0,cefoxitin_screen_mic_2,cefoxitin_screen_mic_2,update,FALSE,
v1.0.0,v1.1.0,cefoxitin_screen_interpretation_raw_2,cefoxitin_screen_interpretation_raw_2,update,FALSE,
v1.0.0,v1.1.0,cefoxitin_screen_interpretation_2,cefoxitin_screen_interpretation_2,update,FALSE,
v1.0.0,v1.1.0,clindamycin_mic_2,clindamycin_mic_2,update,FALSE,
v1.0.0,v1.1.0,clindamycin_interpretation_raw_2,clindamycin_interpretation_raw_2,update,FALSE,
v1.0.0,v1.1.0,clindamycin_interpretation_2,clindamycin_interpretation_2,update,FALSE,
v1.0.0,v1.1.0,ampicillin_mic_2,ampicillin_mic_2,update,FALSE,
v1.0.0,v1.1.0,ampicillin_interpretation_raw_2,ampicillin_interpretation_raw_2,update,FALSE,
v1.0.0,v1.1.0,ampicillin_interpretation_2,ampicillin_interpretation_2,update,FALSE,
v1.0.0,v1.1.0,linezolid_mic_2,linezolid_mic_2,update,FALSE,
v1.0.0,v1.1.0,linezolid_interpretation_raw_2,linezolid_interpretation_raw_2,update,FALSE,
v1.0.0,v1.1.0,linezolid_interpretation_2,linezolid_interpretation_2,update,FALSE,
v1.0.0,v1.1.0,oxacillin_mic_2,oxacillin_mic_2,update,FALSE,
v1.0.0,v1.1.0,oxacillin_interpretation_raw_2,oxacillin_interpretation_raw_2,update,FALSE,
v1.0.0,v1.1.0,oxacillin_interpretation_2,oxacillin_interpretation_2,update,FALSE,
v1.0.0,v1.1.0,daptomycin_mic_2,daptomycin_mic_2,update,FALSE,
v1.0.0,v1.1.0,daptomycin_interpretation_raw_2,daptomycin_interpretation_raw_2,update,FALSE,
v1.0.0,v1.1.0,daptomycin_interpretation_2,daptomycin_interpretation_2,update,FALSE,
v1.0.0,v1.1.0,gentamicin_high_level_synergy_mic_2,gentamicin_high_level_synergy_mic_2,update,FALSE,
v1.0.0,v1.1.0,gentamicin_high_level_synergy_interpretation_raw_2,gentamicin_high_level_synergy_interpretation_raw_2,update,FALSE,
v1.0.0,v1.1.0,gentamicin_high_level_synergy_interpretation_2,gentamicin_high_level_synergy_interpretation_2,update,FALSE,
v1.0.0,v1.1.0,vancomycin_mic_2,vancomycin_mic_2,update,FALSE,
v1.0.0,v1.1.0,vancomycin_interpretation_raw_2,vancomycin_interpretation_raw_2,update,FALSE,
v1.0.0,v1.1.0,vancomycin_interpretation_2,vancomycin_interpretation_2,update,FALSE,
v1.0.0,v1.1.0,streptomycin_high_level_synergy_mic_2,streptomycin_high_level_synergy_mic_2,update,FALSE,
v1.0.0,v1.1.0,streptomycin_high_level_synergy_interpretation_raw_2,streptomycin_high_level_synergy_interpretation_raw_2,update,FALSE,
v1.0.0,v1.1.0,streptomycin_high_level_synergy_interpretation_2,streptomycin_high_level_synergy_interpretation_2,update,FALSE,
v1.0.0,v1.1.0,doxycycline_mic_2,doxycycline_mic_2,update,FALSE,
v1.0.0,v1.1.0,doxycycline_interpretation_raw_2,doxycycline_interpretation_raw_2,update,FALSE,
v1.0.0,v1.1.0,doxycycline_interpretation_2,doxycycline_interpretation_2,update,FALSE,
v1.0.0,v1.1.0,gentamicin_mic_2,gentamicin_mic_2,update,FALSE,
v1.0.0,v1.1.0,gentamicin_interpretation_raw_2,gentamicin_interpretation_raw_2,update,FALSE,
v1.0.0,v1.1.0,gentamicin_interpretation_2,gentamicin_interpretation_2,update,FALSE,
v1.0.0,v1.1.0,tetracycline_mic_2,tetracycline_mic_2,update,FALSE,
v1.0.0,v1.1.0,tetracycline_interpretation_raw_2,tetracycline_interpretation_raw_2,update,FALSE,
v1.0.0,v1.1.0,tetracycline_interpretation_2,tetracycline_interpretation_2,update,FALSE,
v1.0.0,v1.1.0,ciprofloxacin_mic_2,ciprofloxacin_mic_2,update,FALSE,
v1.0.0,v1.1.0,ciprofloxacin_interpretation_raw_2,ciprofloxacin_interpretation_raw_2,update,FALSE,
v1.0.0,v1.1.0,ciprofloxacin_interpretation_2,ciprofloxacin_interpretation_2,update,FALSE,
v1.0.0,v1.1.0,tigecycline_mic_2,tigecycline_mic_2,update,FALSE,
v1.0.0,v1.1.0,tigecycline_interpretation_raw_2,tigecycline_interpretation_raw_2,update,FALSE,
v1.0.0,v1.1.0,tigecycline_interpretation_2,tigecycline_interpretation_2,update,FALSE,
v1.0.0,v1.1.0,levofloxacin_mic_2,levofloxacin_mic_2,update,FALSE,
v1.0.0,v1.1.0,levofloxacin_interpretation_raw_2,levofloxacin_interpretation_raw_2,update,FALSE,
v1.0.0,v1.1.0,levofloxacin_interpretation_2,levofloxacin_interpretation_2,update,FALSE,
v1.0.0,v1.1.0,nitrofurantoin_mic_2,nitrofurantoin_mic_2,update,FALSE,
v1.0.0,v1.1.0,nitrofurantoin_interpretation_raw_2,nitrofurantoin_interpretation_raw_2,update,FALSE,
v1.0.0,v1.1.0,nitrofurantoin_interpretation_2,nitrofurantoin_interpretation_2,update,FALSE,
v1.0.0,v1.1.0,moxifloxacin_mic_2,moxifloxacin_mic_2,update,FALSE,
v1.0.0,v1.1.0,moxifloxacin_interpretation_raw_2,moxifloxacin_interpretation_raw_2,update,FALSE,
v1.0.0,v1.1.0,moxifloxacin_interpretation_2,moxifloxacin_interpretation_2,update,FALSE,
v1.0.0,v1.1.0,rifampicin_mic_2,rifampicin_mic_2,update,FALSE,
v1.0.0,v1.1.0,rifampicin_interpretation_raw_2,rifampicin_interpretation_raw_2,update,FALSE,
v1.0.0,v1.1.0,rifampicin_interpretation_2,rifampicin_interpretation_2,update,FALSE,
v1.0.0,v1.1.0,inducible_clindamycin_resistance_mic_2,inducible_clindamycin_resistance_mic_2,update,FALSE,
v1.0.0,v1.1.0,inducible_clindamycin_resistance_interpretation_raw_2,inducible_clindamycin_resistance_interpretation_raw_2,update,FALSE,
v1.0.0,v1.1.0,inducible_clindamycin_resistance_interpretation_2,inducible_clindamycin_resistance_interpretation_2,update,FALSE,
v1.0.0,v1.1.0,trimethoprim_sulfamethoxazole_mic_2,trimethoprim_sulfamethoxazole_mic_2,update,FALSE,
v1.0.0,v1.1.0,trimethoprim_sulfamethoxazole_interpretation_raw_2,trimethoprim_sulfamethoxazole_interpretation_raw_2,update,FALSE,
v1.0.0,v1.1.0,trimethoprim_sulfamethoxazole_interpretation_2,trimethoprim_sulfamethoxazole_interpretation_2,update,FALSE,
v1.0.0,v1.1.0,erythromycin_mic_2,erythromycin_mic_2,update,FALSE,
v1.0.0,v1.1.0,erythromycin_interpretation_raw_2,erythromycin_interpretation_raw_2,update,FALSE,
v1.0.0,v1.1.0,erythromycin_interpretation_2,erythromycin_interpretation_2,update,FALSE,
v1.0.0,v1.1.0,isolate_3,isolate_3,update,FALSE,
v1.0.0,v1.1.0,isolate_status_3,isolate_status_3,update,FALSE,
v1.0.0,v1.1.0,selected_organism_3,selected_organism_3,update,FALSE,
v1.0.0,v1.1.0,mcfarland_3,mcfarland_3,update,FALSE,
v1.0.0,v1.1.0,id_card_3,id_card_3,update,FALSE,
v1.0.0,v1.1.0,organism_origin_3,organism_origin_3,update,FALSE,
v1.0.0,v1.1.0,identified_organism_3,identified_organism_3,update,FALSE,
v1.0.0,v1.1.0,organism_probability_pct_3,organism_probability_pct_3,update,FALSE,
v1.0.0,v1.1.0,id_confidence_3,id_confidence_3,update,FALSE,
v1.0.0,v1.1.0,cefoxitin_screen_mic_3,cefoxitin_screen_mic_3,update,FALSE,
v1.0.0,v1.1.0,cefoxitin_screen_interpretation_raw_3,cefoxitin_screen_interpretation_raw_3,update,FALSE,
v1.0.0,v1.1.0,cefoxitin_screen_interpretation_3,cefoxitin_screen_interpretation_3,update,FALSE,
v1.0.0,v1.1.0,clindamycin_mic_3,clindamycin_mic_3,update,FALSE,
v1.0.0,v1.1.0,clindamycin_interpretation_raw_3,clindamycin_interpretation_raw_3,update,FALSE,
v1.0.0,v1.1.0,clindamycin_interpretation_3,clindamycin_interpretation_3,update,FALSE,
v1.0.0,v1.1.0,ampicillin_mic_3,ampicillin_mic_3,update,FALSE,
v1.0.0,v1.1.0,ampicillin_interpretation_raw_3,ampicillin_interpretation_raw_3,update,FALSE,
v1.0.0,v1.1.0,ampicillin_interpretation_3,ampicillin_interpretation_3,update,FALSE,
v1.0.0,v1.1.0,linezolid_mic_3,linezolid_mic_3,update,FALSE,
v1.0.0,v1.1.0,linezolid_interpretation_raw_3,linezolid_interpretation_raw_3,update,FALSE,
v1.0.0,v1.1.0,linezolid_interpretation_3,linezolid_interpretation_3,update,FALSE,
v1.0.0,v1.1.0,oxacillin_mic_3,oxacillin_mic_3,update,FALSE,
v1.0.0,v1.1.0,oxacillin_interpretation_raw_3,oxacillin_interpretation_raw_3,update,FALSE,
v1.0.0,v1.1.0,oxacillin_interpretation_3,oxacillin_interpretation_3,update,FALSE,
v1.0.0,v1.1.0,daptomycin_mic_3,daptomycin_mic_3,update,FALSE,
v1.0.0,v1.1.0,daptomycin_interpretation_raw_3,daptomycin_interpretation_raw_3,update,FALSE,
v1.0.0,v1.1.0,daptomycin_interpretation_3,daptomycin_interpretation_3,update,FALSE,
v1.0.0,v1.1.0,gentamicin_high_level_synergy_mic_3,gentamicin_high_level_synergy_mic_3,update,FALSE,
v1.0.0,v1.1.0,gentamicin_high_level_synergy_interpretation_raw_3,gentamicin_high_level_synergy_interpretation_raw_3,update,FALSE,
v1.0.0,v1.1.0,gentamicin_high_level_synergy_interpretation_3,gentamicin_high_level_synergy_interpretation_3,update,FALSE,
v1.0.0,v1.1.0,vancomycin_mic_3,vancomycin_mic_3,update,FALSE,
v1.0.0,v1.1.0,vancomycin_interpretation_raw_3,vancomycin_interpretation_raw_3,update,FALSE,
v1.0.0,v1.1.0,vancomycin_interpretation_3,vancomycin_interpretation_3,update,FALSE,
v1.0.0,v1.1.0,streptomycin_high_level_synergy_mic_3,streptomycin_high_level_synergy_mic_3,update,FALSE,
v1.0.0,v1.1.0,streptomycin_high_level_synergy_interpretation_raw_3,streptomycin_high_level_synergy_interpretation_raw_3,update,FALSE,
v1.0.0,v1.1.0,streptomycin_high_level_synergy_interpretation_3,streptomycin_high_level_synergy_interpretation_3,update,FALSE,
v1.0.0,v1.1.0,doxycycline_mic_3,doxycycline_mic_3,update,FALSE,
v1.0.0,v1.1.0,doxycycline_interpretation_raw_3,doxycycline_interpretation_raw_3,update,FALSE,
v1.0.0,v1.1.0,doxycycline_interpretation_3,doxycycline_interpretation_3,update,FALSE,
v1.0.0,v1.1.0,gentamicin_mic_3,gentamicin_mic_3,update,FALSE,
v1.0.0,v1.1.0,gentamicin_interpretation_raw_3,gentamicin_interpretation_raw_3,update,FALSE,
v1.0.0,v1.1.0,gentamicin_interpretation_3,gentamicin_interpretation_3,update,FALSE,
v1.0.0,v1.1.0,tetracycline_mic_3,tetracycline_mic_3,update,FALSE,
v1.0.0,v1.1.0,tetracycline_interpretation_raw_3,tetracycline_interpretation_raw_3,update,FALSE,
v1.0.0,v1.1.0,tetracycline_interpretation_3,tetracycline_interpretation_3,update,FALSE,
v1.0.0,v1.1.0,ciprofloxacin_mic_3,ciprofloxacin_mic_3,update,FALSE,
v1.0.0,v1.1.0,ciprofloxacin_interpretation_raw_3,ciprofloxacin_interpretation_raw_3,update,FALSE,
v1.0.0,v1.1.0,ciprofloxacin_interpretation_3,ciprofloxacin_interpretation_3,update,FALSE,
v1.0.0,v1.1.0,tigecycline_mic_3,tigecycline_mic_3,update,FALSE,
v1.0.0,v1.1.0,tigecycline_interpretation_raw_3,tigecycline_interpretation_raw_3,update,FALSE,
v1.0.0,v1.1.0,tigecycline_interpretation_3,tigecycline_interpretation_3,update,FALSE,
v1.0.0,v1.1.0,levofloxacin_mic_3,levofloxacin_mic_3,update,FALSE,
v1.0.0,v1.1.0,levofloxacin_interpretation_raw_3,levofloxacin_interpretation_raw_3,update,FALSE,
v1.0.0,v1.1.0,levofloxacin_interpretation_3,levofloxacin_interpretation_3,update,FALSE,
v1.0.0,v1.1.0,nitrofurantoin_mic_3,nitrofurantoin_mic_3,update,FALSE,
v1.0.0,v1.1.0,nitrofurantoin_interpretation_raw_3,nitrofurantoin_interpretation_raw_3,update,FALSE,
v1.0.0,v1.1.0,nitrofurantoin_interpretation_3,nitrofurantoin_interpretation_3,update,FALSE,
v1.0.0,v1.1.0,moxifloxacin_mic_3,moxifloxacin_mic_3,update,FALSE,
v1.0.0,v1.1.0,moxifloxacin_interpretation_raw_3,moxifloxacin_interpretation_raw_3,update,FALSE,
v1.0.0,v1.1.0,moxifloxacin_interpretation_3,moxifloxacin_interpretation_3,update,FALSE,
v1.0.0,v1.1.0,rifampicin_mic_3,rifampicin_mic_3,update,FALSE,
v1.0.0,v1.1.0,rifampicin_interpretation_raw_3,rifampicin_interpretation_raw_3,update,FALSE,
v1.0.0,v1.1.0,rifampicin_interpretation_3,rifampicin_interpretation_3,update,FALSE,
v1.0.0,v1.1.0,inducible_clindamycin_resistance_mic_3,inducible_clindamycin_resistance_mic_3,update,FALSE,
v1.0.0,v1.1.0,inducible_clindamycin_resistance_interpretation_raw_3,inducible_clindamycin_resistance_interpretation_raw_3,update,FALSE,
v1.0.0,v1.1.0,inducible_clindamycin_resistance_interpretation_3,inducible_clindamycin_resistance_interpretation_3,update,FALSE,
v1.0.0,v1.1.0,trimethoprim_sulfamethoxazole_mic_3,trimethoprim_sulfamethoxazole_mic_3,update,FALSE,
v1.0.0,v1.1.0,trimethoprim_sulfamethoxazole_interpretation_raw_3,trimethoprim_sulfamethoxazole_interpretation_raw_3,update,FALSE,
v1.0.0,v1.1.0,trimethoprim_sulfamethoxazole_interpretation_3,trimethoprim_sulfamethoxazole_interpretation_3,update,FALSE,
v1.0.0,v1.1.0,erythromycin_mic_3,erythromycin_mic_3,update,FALSE,
v1.0.0,v1.1.0,erythromycin_interpretation_raw_3,erythromycin_interpretation_raw_3,update,FALSE,
v1.0.0,v1.1.0,erythromycin_interpretation_3,erythromycin_interpretation_3,update,FALSE,
